institution_id,source_dataset,source_filename,source_reference_date,source_row_number,source_name,source_address,source_phone,source_category,matched_by,match_confidence,imported_at
wonju:13192850,clinic_2025-11-25,강원특별자치도 원주시_의원 정보_20251125.csv,2025-11-25,2,희망찬여성의원,"강원특별자치도 원주시 혁신로 39-1, 3, 4층 (반곡동)",033-733-2888,의원,phone_exact,1.0000,2026-07-15T23:14:39+09:00
wonju:13192851,clinic_2025-11-25,강원특별자치도 원주시_의원 정보_20251125.csv,2025-11-25,3,지쉘의원,"강원특별자치도 원주시 지정면 기업도시로 6, 2층 203호",033-733-8901,의원,phone_exact,1.0000,2026-07-15T23:14:39+09:00
wonju:13192852,clinic_2025-11-25,강원특별자치도 원주시_의원 정보_20251125.csv,2025-11-25,4,밴스의원,"강원특별자치도 원주시 서원대로 416, 2층 (단구동)",033-812-3034,의원,phone_exact,1.0000,2026-07-15T23:14:39+09:00
wonju:13192970,clinic_2025-11-25,강원특별자치도 원주시_의원 정보_20251125.csv,2025-11-25,5,장수뜸한의원,"강원특별자치도 원주시 서원대로 383, 한신프라자 4층 406,407호 (개운동)",033-765-8388,의원,phone_exact,1.0000,2026-07-15T23:14:39+09:00
wonju:13192853,clinic_2025-11-25,강원특별자치도 원주시_의원 정보_20251125.csv,2025-11-25,6,단구햇살의원,"강원특별자치도 원주시 치악로 1626, 3층 (단구동)",033-761-9973,의원,phone_exact,1.0000,2026-07-15T23:14:39+09:00
wonju:13192854,clinic_2025-11-25,강원특별자치도 원주시_의원 정보_20251125.csv,2025-11-25,7,원주유앤항외과의원,"강원특별자치도 원주시 능라동길 51, 시네시티타워 401, 402호 (무실동)",033-734-1515,의원,phone_exact,1.0000,2026-07-15T23:14:39+09:00
wonju:13193082,clinic_2025-11-25,강원특별자치도 원주시_의원 정보_20251125.csv,2025-11-25,8,서울수려한치과의원,"강원특별자치도 원주시 능라동길 61, 207호 (무실동)",033-900-7522,의원,phone_exact,1.0000,2026-07-15T23:14:39+09:00
wonju:13192855,clinic_2025-11-25,강원특별자치도 원주시_의원 정보_20251125.csv,2025-11-25,9,매일진료365의원,"강원특별자치도 원주시 능라동길 65, 휴먼타워 1, 3층 (무실동)",033-813-4675,의원,phone_exact,1.0000,2026-07-15T23:14:39+09:00
wonju:13192627,clinic_2025-11-25,강원특별자치도 원주시_의원 정보_20251125.csv,2025-11-25,10,이석원내과의원,"강원특별자치도 원주시 평원로 76, 201호 (평원동)",033-900-5155,의원,phone_exact,1.0000,2026-07-15T23:14:39+09:00
wonju:13192628,clinic_2025-11-25,강원특별자치도 원주시_의원 정보_20251125.csv,2025-11-25,11,서울탑마취통증의학과의원,"강원특별자치도 원주시 중앙시장길 32, 1,2층 일부호 (중앙동)",033-813-3800,의원,phone_exact,1.0000,2026-07-15T23:14:39+09:00
wonju:13192859,clinic_2025-11-25,강원특별자치도 원주시_의원 정보_20251125.csv,2025-11-25,12,차림한의원,"강원특별자치도 원주시 건강로 25, 101,102호 (반곡동)",033-813-1282,의원,phone_exact,1.0000,2026-07-15T23:14:39+09:00
wonju:13192629,clinic_2025-11-25,강원특별자치도 원주시_의원 정보_20251125.csv,2025-11-25,13,임연웅신경외과의원,"강원특별자치도 원주시 만대공원길 59, 3층 302호 (무실동)",033-735-7882,의원,phone_exact,1.0000,2026-07-15T23:14:39+09:00
wonju:13192973,clinic_2025-11-25,강원특별자치도 원주시_의원 정보_20251125.csv,2025-11-25,14,서울더바른치과의원,"강원특별자치도 원주시 문막읍 왕건로 22, 3층 301호",033-813-2882,의원,phone_exact,1.0000,2026-07-15T23:14:39+09:00
wonju:13192630,clinic_2025-11-25,강원특별자치도 원주시_의원 정보_20251125.csv,2025-11-25,15,서울성모정신건강의학과의원,"강원특별자치도 원주시 만대공원길 59, 3층 303호 (무실동)",033-731-3080,의원,phone_exact,1.0000,2026-07-15T23:14:39+09:00
wonju:13192860,clinic_2025-11-25,강원특별자치도 원주시_의원 정보_20251125.csv,2025-11-25,16,남송한의원,"강원특별자치도 원주시 판부면 남원로 401, 2층",033-813-3651,의원,phone_exact,1.0000,2026-07-15T23:14:39+09:00
wonju:13192631,clinic_2025-11-25,강원특별자치도 원주시_의원 정보_20251125.csv,2025-11-25,17,21세기본튼튼의원,"강원특별자치도 원주시 현충로 11, 2층 201, 202호 (태장동)",033-813-4095,의원,phone_exact,1.0000,2026-07-15T23:14:39+09:00
wonju:13192974,clinic_2025-11-25,강원특별자치도 원주시_의원 정보_20251125.csv,2025-11-25,18,키노인터네셔널치과의원,"강원특별자치도 원주시 원일로 120, 4, 5층 (중앙동)",033-762-7070,의원,phone_exact,1.0000,2026-07-15T23:14:39+09:00
wonju:13192975,clinic_2025-11-25,강원특별자치도 원주시_의원 정보_20251125.csv,2025-11-25,19,아이온가족치과의원,"강원특별자치도 원주시 반곡초교로 78-6, 201, 202, 203호 (반곡동)",033-733-7773,의원,phone_exact,1.0000,2026-07-15T23:14:39+09:00
wonju:13192976,clinic_2025-11-25,강원특별자치도 원주시_의원 정보_20251125.csv,2025-11-25,20,한사랑치과의원,"강원특별자치도 원주시 판부면 남원로 401, 3층",033-762-7528,의원,phone_exact,1.0000,2026-07-15T23:14:39+09:00
wonju:13192632,clinic_2025-11-25,강원특별자치도 원주시_의원 정보_20251125.csv,2025-11-25,21,원주스노우의원,"강원특별자치도 원주시 능라동길 61, 9층 (무실동)",033-732-0601,의원,phone_exact,1.0000,2026-07-15T23:14:39+09:00
wonju:13192971,clinic_2025-11-25,강원특별자치도 원주시_의원 정보_20251125.csv,2025-11-25,22,허승한의원,"강원특별자치도 원주시 단구로 410, 세경5차아파트 상가동동 108,113호 (단구동)",033-747-5116,의원,phone_exact,1.0000,2026-07-15T23:14:39+09:00
wonju:13192861,clinic_2025-11-25,강원특별자치도 원주시_의원 정보_20251125.csv,2025-11-25,23,원주단구 오케이한의원,"강원특별자치도 원주시 단구로 398, 청솔3차아파트 상가2동 105호 (단구동)",033-765-7975,의원,phone_exact,1.0000,2026-07-15T23:14:39+09:00
wonju:13192633,clinic_2025-11-25,강원특별자치도 원주시_의원 정보_20251125.csv,2025-11-25,24,파인땡큐앤드유외과의원,"강원특별자치도 원주시 시청로 98, 4층 (무실동)",033-745-7800,의원,phone_exact,1.0000,2026-07-15T23:14:39+09:00
wonju:13192634,clinic_2025-11-25,강원특별자치도 원주시_의원 정보_20251125.csv,2025-11-25,25,연세오케이정형외과의원,"강원특별자치도 원주시 서원대로 402, 대신프라자 5층 (단구동)",033-766-7575,의원,phone_exact,1.0000,2026-07-15T23:14:39+09:00
wonju:13192635,clinic_2025-11-25,강원특별자치도 원주시_의원 정보_20251125.csv,2025-11-25,26,연세임유리내과의원,"강원특별자치도 원주시 지정면 신지정로 322-1, 6층",033-901-7582,의원,phone_exact,1.0000,2026-07-15T23:14:39+09:00
wonju:13192636,clinic_2025-11-25,강원특별자치도 원주시_의원 정보_20251125.csv,2025-11-25,27,이상진안과의원,강원특별자치도 원주시 북원로 2245 (단계동),033-743-9344,의원,phone_exact,1.0000,2026-07-15T23:14:39+09:00
wonju:13192862,clinic_2025-11-25,강원특별자치도 원주시_의원 정보_20251125.csv,2025-11-25,28,숲한의원,"강원특별자치도 원주시 원문로137번길 46, 1층 (단계동)",033-748-8288,의원,phone_exact,1.0000,2026-07-15T23:14:39+09:00
wonju:13192977,clinic_2025-11-25,강원특별자치도 원주시_의원 정보_20251125.csv,2025-11-25,29,이로운치과의원,"강원특별자치도 원주시 영랑길 14-2, 201호 (행구동)",033-900-2828,의원,phone_exact,1.0000,2026-07-15T23:14:39+09:00
wonju:13192978,clinic_2025-11-25,강원특별자치도 원주시_의원 정보_20251125.csv,2025-11-25,30,아이조아치과의원,"강원특별자치도 원주시 입춘로 110, 207, 208호 (반곡동)",033-743-2275,의원,phone_exact,1.0000,2026-07-15T23:14:39+09:00
wonju:13192979,clinic_2025-11-25,강원특별자치도 원주시_의원 정보_20251125.csv,2025-11-25,31,치과명작치과의원,"강원특별자치도 원주시 서원대로 396, 스타월드 2층 (단구동)",033-763-2879,의원,phone_exact,1.0000,2026-07-15T23:14:39+09:00
wonju:13192637,clinic_2025-11-25,강원특별자치도 원주시_의원 정보_20251125.csv,2025-11-25,32,지성정형외과의원,"강원특별자치도 원주시 문막읍 구암길 9, 스카이블루1 빌딩 1~4층",033-734-6700,의원,phone_exact,1.0000,2026-07-15T23:14:39+09:00
wonju:13192980,clinic_2025-11-25,강원특별자치도 원주시_의원 정보_20251125.csv,2025-11-25,33,중앙플란트치과의원,"강원특별자치도 원주시 평원로 76, 3층 (평원동)",033-813-2804,의원,phone_exact,1.0000,2026-07-15T23:14:39+09:00
wonju:13192638,clinic_2025-11-25,강원특별자치도 원주시_의원 정보_20251125.csv,2025-11-25,34,진제통의원,"강원특별자치도 원주시 양지로 26, 1층 106호 (반곡동)",033-813-0233,의원,name_address_exact,1.0000,2026-07-15T23:14:39+09:00
wonju:13192863,clinic_2025-11-25,강원특별자치도 원주시_의원 정보_20251125.csv,2025-11-25,35,진제통한의원,"강원특별자치도 원주시 양지로 26, 1층 106호 (반곡동)",033-813-0233,의원,name_address_exact,1.0000,2026-07-15T23:14:39+09:00
wonju:13192639,clinic_2025-11-25,강원특별자치도 원주시_의원 정보_20251125.csv,2025-11-25,36,연세준재활의학과의원,"강원특별자치도 원주시 지정면 신지정로 216, 6,7층",033-900-0847,의원,phone_exact,1.0000,2026-07-15T23:14:39+09:00
wonju:13192640,clinic_2025-11-25,강원특별자치도 원주시_의원 정보_20251125.csv,2025-11-25,37,미소마취통증의학과의원,"강원특별자치도 원주시 모란1길 69, 201호 (우산동)",033-900-7500,의원,phone_exact,1.0000,2026-07-15T23:14:39+09:00
wonju:13192864,clinic_2025-11-25,강원특별자치도 원주시_의원 정보_20251125.csv,2025-11-25,38,은혜한의원,"강원특별자치도 원주시 능라동길 82, 3층 (무실동)",033-731-1079,의원,phone_exact,1.0000,2026-07-15T23:14:39+09:00
wonju:13192641,clinic_2025-11-25,강원특별자치도 원주시_의원 정보_20251125.csv,2025-11-25,39,연세이명규내과의원,"강원특별자치도 원주시 치악로 1791, 3층 (개운동)",033-761-6451,의원,phone_exact,1.0000,2026-07-15T23:14:39+09:00
wonju:13192642,clinic_2025-11-25,강원특별자치도 원주시_의원 정보_20251125.csv,2025-11-25,40,마디세움 정형외과의원,"강원특별자치도 원주시 지정면 신지정로 322-1, 센텀뷰 5층",033-901-8275,의원,phone_exact,1.0000,2026-07-15T23:14:39+09:00
wonju:13192865,clinic_2025-11-25,강원특별자치도 원주시_의원 정보_20251125.csv,2025-11-25,41,이득수한의원,"강원특별자치도 원주시 지정면 신지정로 216, 601호",033-813-0175,의원,phone_exact,1.0000,2026-07-15T23:14:39+09:00
wonju:13192643,clinic_2025-11-25,강원특별자치도 원주시_의원 정보_20251125.csv,2025-11-25,42,탑정형외과의원,"강원특별자치도 원주시 봉화로 31, 시재메디타워 (단계동)",1599-7501,의원,phone_exact,1.0000,2026-07-15T23:14:39+09:00
wonju:13192644,clinic_2025-11-25,강원특별자치도 원주시_의원 정보_20251125.csv,2025-11-25,43,소망의원,"강원특별자치도 원주시 중앙로 136, 2층 (중앙동)",033-742-7558,의원,phone_exact,1.0000,2026-07-15T23:14:39+09:00
wonju:13192981,clinic_2025-11-25,강원특별자치도 원주시_의원 정보_20251125.csv,2025-11-25,44,원주클라인치과의원,"강원특별자치도 원주시 봉화로 22, 더파크타워 3층 301호 (단계동)",033-734-2700,의원,phone_exact,1.0000,2026-07-15T23:14:39+09:00
wonju:13192645,clinic_2025-11-25,강원특별자치도 원주시_의원 정보_20251125.csv,2025-11-25,45,연세지안비뇨의학과의원,"강원특별자치도 원주시 능라동길 70, 4층 405,406호 (무실동)",033-743-7788,의원,phone_exact,1.0000,2026-07-15T23:14:39+09:00
wonju:13192866,clinic_2025-11-25,강원특별자치도 원주시_의원 정보_20251125.csv,2025-11-25,46,수연한의원,"강원특별자치도 원주시 모란1길 75, 201호 (우산동)",033-747-1075,의원,phone_exact,1.0000,2026-07-15T23:14:39+09:00
wonju:13192646,clinic_2025-11-25,강원특별자치도 원주시_의원 정보_20251125.csv,2025-11-25,47,온유가정의학과의원,"강원특별자치도 원주시 지정면 신지정로 216, 402, 403호",033-737-6687,의원,phone_exact,1.0000,2026-07-15T23:14:39+09:00
wonju:13192982,clinic_2025-11-25,강원특별자치도 원주시_의원 정보_20251125.csv,2025-11-25,48,디지털월드치과의원,"강원특별자치도 원주시 판부면 내남송길 103, 2층",033-761-7772,의원,phone_exact,1.0000,2026-07-15T23:14:39+09:00
wonju:13192647,clinic_2025-11-25,강원특별자치도 원주시_의원 정보_20251125.csv,2025-11-25,49,서울황내과의원,"강원특별자치도 원주시 능라동길 59, 603,604호 (무실동)",033-813-1314,의원,phone_exact,1.0000,2026-07-15T23:14:39+09:00
wonju:13192648,clinic_2025-11-25,강원특별자치도 원주시_의원 정보_20251125.csv,2025-11-25,50,소초함께의원,"강원특별자치도 원주시 소초면 송황유사길 3, 1층",033-734-7588,의원,phone_exact,1.0000,2026-07-15T23:14:39+09:00
wonju:13192867,clinic_2025-11-25,강원특별자치도 원주시_의원 정보_20251125.csv,2025-11-25,52,지월한의원,"강원특별자치도 원주시 시청로 96, 영신프라자 2층 202호 (무실동)",033-743-1070,의원,phone_exact,1.0000,2026-07-15T23:14:39+09:00
wonju:13192983,clinic_2025-11-25,강원특별자치도 원주시_의원 정보_20251125.csv,2025-11-25,53,서울명문치과의원,"강원특별자치도 원주시 시청로 528, 202,203호 (관설동)",033-901-2285,의원,phone_exact,1.0000,2026-07-15T23:14:39+09:00
wonju:13192857,clinic_2025-11-25,강원특별자치도 원주시_의원 정보_20251125.csv,2025-11-25,54,피어라의원,"강원특별자치도 원주시 지정면 신지정로 172, 현대프라자 3층",033-731-0333,의원,phone_exact,1.0000,2026-07-15T23:14:39+09:00
wonju:13192984,clinic_2025-11-25,강원특별자치도 원주시_의원 정보_20251125.csv,2025-11-25,55,연세문막치과의원,"강원특별자치도 원주시 문막읍 건등로 70, 2층 205호",033-904-2875,의원,phone_exact,1.0000,2026-07-15T23:14:39+09:00
wonju:13192650,clinic_2025-11-25,강원특별자치도 원주시_의원 정보_20251125.csv,2025-11-25,56,연세늘내과이비인후과의원,"강원특별자치도 원주시 능라동길 61, 205,506호 (무실동)",033-742-5522,의원,phone_exact,1.0000,2026-07-15T23:14:39+09:00
wonju:13192651,clinic_2025-11-25,강원특별자치도 원주시_의원 정보_20251125.csv,2025-11-25,57,도움의원,강원특별자치도 원주시 북원로 2634 (태장동),033-732-0279,의원,phone_exact,1.0000,2026-07-15T23:14:39+09:00
wonju:13192652,clinic_2025-11-25,강원특별자치도 원주시_의원 정보_20251125.csv,2025-11-25,58,마디튼튼마취통증의학과의원,"강원특별자치도 원주시 능라동길 65, 휴먼타워 201~205호 (무실동)",033-747-1188,의원,phone_exact,1.0000,2026-07-15T23:14:39+09:00
wonju:13192868,clinic_2025-11-25,강원특별자치도 원주시_의원 정보_20251125.csv,2025-11-25,59,자연과한의원 원주점,"강원특별자치도 원주시 능라동길 51, 4층 414~415호 (무실동)",033-813-0369,의원,phone_exact,1.0000,2026-07-15T23:14:39+09:00
wonju:13192869,clinic_2025-11-25,강원특별자치도 원주시_의원 정보_20251125.csv,2025-11-25,60,원주약선당한의원,"강원특별자치도 원주시 무실로 181, 1층 (명륜동)",033-762-1232,의원,phone_exact,1.0000,2026-07-15T23:14:39+09:00
wonju:13192870,clinic_2025-11-25,강원특별자치도 원주시_의원 정보_20251125.csv,2025-11-25,61,전찬일한의원,"강원특별자치도 원주시 남원로534번길 14, 4층 (단구동)",033-762-1075,의원,phone_exact,1.0000,2026-07-15T23:14:39+09:00
wonju:13192653,clinic_2025-11-25,강원특별자치도 원주시_의원 정보_20251125.csv,2025-11-25,62,삼성서울리프앤톡스의원,"강원특별자치도 원주시 혁신로 35, 3층 301~302호 (반곡동)",033-813-1707,의원,phone_exact,1.0000,2026-07-15T23:14:39+09:00
wonju:13192654,clinic_2025-11-25,강원특별자치도 원주시_의원 정보_20251125.csv,2025-11-25,63,아이편한소아청소년과의원,"강원특별자치도 원주시 단구로 398, 청솔3차아파트 1층 104호 (단구동)",033-900-8275,의원,phone_exact,1.0000,2026-07-15T23:14:39+09:00
wonju:13192871,clinic_2025-11-25,강원특별자치도 원주시_의원 정보_20251125.csv,2025-11-25,64,정성한의원,"강원특별자치도 원주시 단구로 384-1, 1층 102호 (단구동)",033-764-3700,의원,phone_exact,1.0000,2026-07-15T23:14:39+09:00
wonju:13192985,clinic_2025-11-25,강원특별자치도 원주시_의원 정보_20251125.csv,2025-11-25,65,연세바른치과의원,"강원특별자치도 원주시 능라동길 27, 305~306호 (무실동)",033-900--2882,의원,phone_exact,1.0000,2026-07-15T23:14:39+09:00
wonju:13192986,clinic_2025-11-25,강원특별자치도 원주시_의원 정보_20251125.csv,2025-11-25,66,센텀플란트치과의원,"강원특별자치도 원주시 능라동길 70, 2층 203~206호 (무실동)",033-731-2080,의원,phone_exact,1.0000,2026-07-15T23:14:39+09:00
wonju:13192987,clinic_2025-11-25,강원특별자치도 원주시_의원 정보_20251125.csv,2025-11-25,67,태장치과의원,"강원특별자치도 원주시 치악로 2200, 1동 1층 (태장동)",033-904-2828,의원,phone_exact,1.0000,2026-07-15T23:14:39+09:00
wonju:13192988,clinic_2025-11-25,강원특별자치도 원주시_의원 정보_20251125.csv,2025-11-25,68,서울니어치과의원,"강원특별자치도 원주시 지정면 신지정로 190, 3층 301~305호",033-734-0007,의원,phone_exact,1.0000,2026-07-15T23:14:39+09:00
wonju:13192655,clinic_2025-11-25,강원특별자치도 원주시_의원 정보_20251125.csv,2025-11-25,69,아이튼튼소아청소년과의원,"강원특별자치도 원주시 서원대로 406, 5층 504,505호 (단구동)",033-761-7585,의원,phone_exact,1.0000,2026-07-15T23:14:39+09:00
wonju:13192872,clinic_2025-11-25,강원특별자치도 원주시_의원 정보_20251125.csv,2025-11-25,70,무실한의원,"강원특별자치도 원주시 능라동길 59, 111~113, 206~207호 (무실동)",033-813-0365,의원,phone_exact,1.0000,2026-07-15T23:14:39+09:00
wonju:13192656,clinic_2025-11-25,강원특별자치도 원주시_의원 정보_20251125.csv,2025-11-25,71,연세본정형외과마취통증의학과의원,"강원특별자치도 원주시 영랑길 14-2, 401.402-2호 (행구동)",033-900-7582,의원,phone_exact,1.0000,2026-07-15T23:14:39+09:00
wonju:13192989,clinic_2025-11-25,강원특별자치도 원주시_의원 정보_20251125.csv,2025-11-25,72,다담웃음치과의원,"강원특별자치도 원주시 지정면 신지정로 316-1, 304,305호",033-748-2275,의원,phone_exact,1.0000,2026-07-15T23:14:39+09:00
wonju:13192657,clinic_2025-11-25,강원특별자치도 원주시_의원 정보_20251125.csv,2025-11-25,73,연세시원한외과의원,"강원특별자치도 원주시 능라동길 27, SK타워 404~406호 (무실동)",033-904-7575,의원,phone_exact,1.0000,2026-07-15T23:14:39+09:00
wonju:13192990,clinic_2025-11-25,강원특별자치도 원주시_의원 정보_20251125.csv,2025-11-25,74,다람쥐키즈치과의원,"강원특별자치도 원주시 지정면 신지정로 322, 501~504호",033-900-2800,의원,phone_exact,1.0000,2026-07-15T23:14:39+09:00
wonju:13192658,clinic_2025-11-25,강원특별자치도 원주시_의원 정보_20251125.csv,2025-11-25,75,명성메디칼의원,"강원특별자치도 원주시 현충로 11, 2,3층 (태장동)",033-731-3651,의원,phone_exact,1.0000,2026-07-15T23:14:39+09:00
wonju:13192991,clinic_2025-11-25,강원특별자치도 원주시_의원 정보_20251125.csv,2025-11-25,76,서울토론토치과의원,"강원특별자치도 원주시 혁신로 262, 2층, 3층 (반곡동)",033-900-2875,의원,phone_exact,1.0000,2026-07-15T23:14:39+09:00
wonju:13192873,clinic_2025-11-25,강원특별자치도 원주시_의원 정보_20251125.csv,2025-11-25,77,대세한의원,"강원특별자치도 원주시 지정면 신지정로 322, 209호",033-731-7975,의원,phone_exact,1.0000,2026-07-15T23:14:39+09:00
wonju:13192659,clinic_2025-11-25,강원특별자치도 원주시_의원 정보_20251125.csv,2025-11-25,78,톡스앤필의원 원주점,"강원특별자치도 원주시 서원대로 162, 3층 302호 (단계동)",033-735-7999,의원,phone_exact,1.0000,2026-07-15T23:14:39+09:00
wonju:13192660,clinic_2025-11-25,강원특별자치도 원주시_의원 정보_20251125.csv,2025-11-25,79,원주시민의원,"강원특별자치도 원주시 남원로 645, 영광빌딩 2층 (명륜동)",033-763-9034,의원,phone_exact,1.0000,2026-07-15T23:14:39+09:00
wonju:13192874,clinic_2025-11-25,강원특별자치도 원주시_의원 정보_20251125.csv,2025-11-25,80,기운내한의원,"강원특별자치도 원주시 남원로534번길 54, 202호 (단구동)",033-761-1997,의원,phone_exact,1.0000,2026-07-15T23:14:39+09:00
wonju:13192661,clinic_2025-11-25,강원특별자치도 원주시_의원 정보_20251125.csv,2025-11-25,81,원더스의원,"강원특별자치도 원주시 서원대로 164, 3층 (단계동)",033-812-2828,의원,phone_exact,1.0000,2026-07-15T23:14:39+09:00
wonju:13192662,clinic_2025-11-25,강원특별자치도 원주시_의원 정보_20251125.csv,2025-11-25,82,블리비의원,"강원특별자치도 원주시 서원대로 396, 스타월드 4층 409호, 410호, 411호, 415호 (단구동)",1833-9359,의원,phone_exact,1.0000,2026-07-15T23:14:39+09:00
wonju:13192992,clinic_2025-11-25,강원특별자치도 원주시_의원 정보_20251125.csv,2025-11-25,83,이편한치과의원,"강원특별자치도 원주시 로아노크로 74, 세이브타워 402호 (무실동)",033-735-2080,의원,phone_exact,1.0000,2026-07-15T23:14:39+09:00
wonju:13192875,clinic_2025-11-25,강원특별자치도 원주시_의원 정보_20251125.csv,2025-11-25,84,사상참경희한의원,"강원특별자치도 원주시 영랑길 2, 401호 (행구동)",033-813-9600,의원,phone_exact,1.0000,2026-07-15T23:14:39+09:00
wonju:13192663,clinic_2025-11-25,강원특별자치도 원주시_의원 정보_20251125.csv,2025-11-25,85,원주위대한내과의원,"강원특별자치도 원주시 능라동길 27, SK타워 504~506호 (무실동)",033-742-9669,의원,phone_exact,1.0000,2026-07-15T23:14:39+09:00
wonju:13192664,clinic_2025-11-25,강원특별자치도 원주시_의원 정보_20251125.csv,2025-11-25,86,제로마취통증의학과의원,"강원특별자치도 원주시 서원대로 406, 303,304호 (단구동)",033-761-8900,의원,phone_exact,1.0000,2026-07-15T23:14:39+09:00
wonju:13192665,clinic_2025-11-25,강원특별자치도 원주시_의원 정보_20251125.csv,2025-11-25,87,김진수프롤로의원,"강원특별자치도 원주시 북원로 2247, 덕안빌딩 3층 (단계동)",033-745-0188,의원,phone_exact,1.0000,2026-07-15T23:14:39+09:00
wonju:13192993,clinic_2025-11-25,강원특별자치도 원주시_의원 정보_20251125.csv,2025-11-25,88,유앤미치과의원,"강원특별자치도 원주시 지정면 신지정로 322-1, 305,306호",033-900-6262,의원,phone_exact,1.0000,2026-07-15T23:14:39+09:00
wonju:13192876,clinic_2025-11-25,강원특별자치도 원주시_의원 정보_20251125.csv,2025-11-25,89,경희다인한의원,"강원특별자치도 원주시 지정면 신지정로 322, 301,302호",033-900-1148,의원,phone_exact,1.0000,2026-07-15T23:14:39+09:00
wonju:13192994,clinic_2025-11-25,강원특별자치도 원주시_의원 정보_20251125.csv,2025-11-25,90,연세이안치과의원,"강원특별자치도 원주시 영랑길 2, 302호 (행구동)",033-733-8600,의원,phone_exact,1.0000,2026-07-15T23:14:39+09:00
wonju:13192666,clinic_2025-11-25,강원특별자치도 원주시_의원 정보_20251125.csv,2025-11-25,91,숲이비인후과의원,"강원특별자치도 원주시 서원대로 170, 재영빌딩 3, 4, 5층 (단계동)",033-900-1016,의원,phone_exact,1.0000,2026-07-15T23:14:39+09:00
wonju:13192667,clinic_2025-11-25,강원특별자치도 원주시_의원 정보_20251125.csv,2025-11-25,92,이미영샘내과의원,"강원특별자치도 원주시 영랑길 14-2, 청연재빌딩 2층 (행구동)",033-900-3000,의원,phone_exact,1.0000,2026-07-15T23:14:39+09:00
wonju:13192668,clinic_2025-11-25,강원특별자치도 원주시_의원 정보_20251125.csv,2025-11-25,93,곽엄섭내과의원,"강원특별자치도 원주시 현충로 320-1, 1,2층 (태장동)",033-732-8277,의원,phone_exact,1.0000,2026-07-15T23:14:39+09:00
wonju:13192669,clinic_2025-11-25,강원특별자치도 원주시_의원 정보_20251125.csv,2025-11-25,94,드림365소아청소년과의원,"강원특별자치도 원주시 지정면 신지정로 322, 탑프라자 402,403호",033-734-3650,의원,phone_exact,1.0000,2026-07-15T23:14:39+09:00
wonju:13192995,clinic_2025-11-25,강원특별자치도 원주시_의원 정보_20251125.csv,2025-11-25,95,연세탑치과의원,"강원특별자치도 원주시 지정면 신지정로 322, 4층 401,411호",033-732-2875,의원,phone_exact,1.0000,2026-07-15T23:14:39+09:00
wonju:13192670,clinic_2025-11-25,강원특별자치도 원주시_의원 정보_20251125.csv,2025-11-25,96,키다리소아청소년과의원,"강원특별자치도 원주시 지정면 신지정로 316-1, 302,303호",033-743-8080,의원,phone_exact,1.0000,2026-07-15T23:14:39+09:00
wonju:13192877,clinic_2025-11-25,강원특별자치도 원주시_의원 정보_20251125.csv,2025-11-25,97,효성한의원,"강원특별자치도 원주시 흥업면 사제로 7-4, 1층",033-761-9388,의원,phone_exact,1.0000,2026-07-15T23:14:39+09:00
wonju:13192671,clinic_2025-11-25,강원특별자치도 원주시_의원 정보_20251125.csv,2025-11-25,98,지정내과의원,"강원특별자치도 원주시 지정면 신지정로 266, 301,302호",033-733-2355,의원,phone_exact,1.0000,2026-07-15T23:14:39+09:00
wonju:13192672,clinic_2025-11-25,강원특별자치도 원주시_의원 정보_20251125.csv,2025-11-25,99,기린소아청소년과의원,"강원특별자치도 원주시 지정면 신지정로 266, 204호",033-734-3132,의원,phone_exact,1.0000,2026-07-15T23:14:39+09:00
wonju:13192996,clinic_2025-11-25,강원특별자치도 원주시_의원 정보_20251125.csv,2025-11-25,100,서울플란트치과의원,"강원특별자치도 원주시 지정면 신지정로 266, 401호",033-743-9944,의원,phone_exact,1.0000,2026-07-15T23:14:39+09:00
wonju:13192673,clinic_2025-11-25,강원특별자치도 원주시_의원 정보_20251125.csv,2025-11-25,101,마음편한정신건강의학과의원,"강원특별자치도 원주시 서원대로 406, 503호 (단구동)",033-766-7675,의원,phone_exact,1.0000,2026-07-15T23:14:39+09:00
wonju:13192674,clinic_2025-11-25,강원특별자치도 원주시_의원 정보_20251125.csv,2025-11-25,102,화인가정의원,"강원특별자치도 원주시 지정면 신지정로 322-1, 303,304호",033-735-1111,의원,phone_exact,1.0000,2026-07-15T23:14:39+09:00
wonju:13192675,clinic_2025-11-25,강원특별자치도 원주시_의원 정보_20251125.csv,2025-11-25,103,오스정형외과의원,"강원특별자치도 원주시 북원로 2235-4, 1,2층 118호, 201~7호호 (단계동)",033-900-8282,의원,phone_exact,1.0000,2026-07-15T23:14:39+09:00
wonju:13192676,clinic_2025-11-25,강원특별자치도 원주시_의원 정보_20251125.csv,2025-11-25,104,서이비인후과의원,"강원특별자치도 원주시 남원로 671, 3층 (명륜동)",033-764-1525,의원,phone_exact,1.0000,2026-07-15T23:14:39+09:00
wonju:13192878,clinic_2025-11-25,강원특별자치도 원주시_의원 정보_20251125.csv,2025-11-25,105,신월랑한의원,"강원특별자치도 원주시 고문골길 21, 1층 (행구동)",033-744-4535,의원,phone_exact,1.0000,2026-07-15T23:14:39+09:00
wonju:13192677,clinic_2025-11-25,강원특별자치도 원주시_의원 정보_20251125.csv,2025-11-25,106,오드리의원,"강원특별자치도 원주시 능라동길 51, 시네시티타워 3층 302,303,304호 (무실동)",033-733-3322,의원,phone_exact,1.0000,2026-07-15T23:14:39+09:00
wonju:13192678,clinic_2025-11-25,강원특별자치도 원주시_의원 정보_20251125.csv,2025-11-25,107,속시원한내과의원,"강원특별자치도 원주시 로아노크로 74, 501호, 502호 (무실동)",033-743-8275,의원,phone_exact,1.0000,2026-07-15T23:14:39+09:00
wonju:13192679,clinic_2025-11-25,강원특별자치도 원주시_의원 정보_20251125.csv,2025-11-25,108,원주김안과의원,"강원특별자치도 원주시 능라동길 70, 3층 306호 (무실동)",033-747-2300,의원,phone_exact,1.0000,2026-07-15T23:14:39+09:00
wonju:13192680,clinic_2025-11-25,강원특별자치도 원주시_의원 정보_20251125.csv,2025-11-25,109,연세나비이비인후과의원,"강원특별자치도 원주시 지정면 신지정로 316-2, 2층",033-731-7730,의원,phone_exact,1.0000,2026-07-15T23:14:39+09:00
wonju:13192879,clinic_2025-11-25,강원특별자치도 원주시_의원 정보_20251125.csv,2025-11-25,110,남부한의원,"강원특별자치도 원주시 남원로 667-1, 1층 (명륜동)",033-735-9000,의원,phone_exact,1.0000,2026-07-15T23:14:39+09:00
wonju:13192681,clinic_2025-11-25,강원특별자치도 원주시_의원 정보_20251125.csv,2025-11-25,111,신준현신경과의원,"강원특별자치도 원주시 능라동길 35, 베르뉴시티 3층 301호,302호 (무실동)",033-735-5254,의원,phone_exact,1.0000,2026-07-15T23:14:39+09:00
wonju:13192880,clinic_2025-11-25,강원특별자치도 원주시_의원 정보_20251125.csv,2025-11-25,112,의함다래평생한의원,"강원특별자치도 원주시 남산로 180, 대성빌딩 101호 (학성동)",033-766-8925,의원,phone_exact,1.0000,2026-07-15T23:14:39+09:00
wonju:13192997,clinic_2025-11-25,강원특별자치도 원주시_의원 정보_20251125.csv,2025-11-25,113,에이플치과의원,"강원특별자치도 원주시 백간길 25, 2층 (단계동)",033-743-7522,의원,phone_exact,1.0000,2026-07-15T23:14:39+09:00
wonju:13192998,clinic_2025-11-25,강원특별자치도 원주시_의원 정보_20251125.csv,2025-11-25,114,강남후생치과의원,"강원특별자치도 원주시 북원로 2706, 2층 (태장동)",033-746-2827,의원,phone_exact,1.0000,2026-07-15T23:14:39+09:00
wonju:13192881,clinic_2025-11-25,강원특별자치도 원주시_의원 정보_20251125.csv,2025-11-25,115,백세한의원,"강원특별자치도 원주시 현충로58번길 28, 2층 (태장동)",033-746-7850,의원,phone_exact,1.0000,2026-07-15T23:14:39+09:00
wonju:13192682,clinic_2025-11-25,강원특별자치도 원주시_의원 정보_20251125.csv,2025-11-25,116,고려제일의원,"강원특별자치도 원주시 부론면 법천시장길 52, 2층",033-742-7572,의원,phone_exact,1.0000,2026-07-15T23:14:39+09:00
wonju:13192683,clinic_2025-11-25,강원특별자치도 원주시_의원 정보_20251125.csv,2025-11-25,117,통탈의원,"강원특별자치도 원주시 혁신로 37-2, 중앙타워 4층 (반곡동)",033-813-3375,의원,phone_exact,1.0000,2026-07-15T23:14:39+09:00
wonju:13192882,clinic_2025-11-25,강원특별자치도 원주시_의원 정보_20251125.csv,2025-11-25,118,신선한의원,"강원특별자치도 원주시 소초면 간촌길 130, 1층",070-7679-3140,의원,phone_exact,1.0000,2026-07-15T23:14:39+09:00
wonju:13192684,clinic_2025-11-25,강원특별자치도 원주시_의원 정보_20251125.csv,2025-11-25,119,하나내과의원,"강원특별자치도 원주시 치악로 1527, 판부농협하나로마트 2층 (관설동)",033-763-9080,의원,phone_exact,1.0000,2026-07-15T23:14:39+09:00
wonju:13192685,clinic_2025-11-25,강원특별자치도 원주시_의원 정보_20251125.csv,2025-11-25,120,준소아청소년과의원,"강원특별자치도 원주시 백간길 25, SG프라자 2층 (단계동)",033-744-2119,의원,phone_exact,1.0000,2026-07-15T23:14:39+09:00
wonju:13192686,clinic_2025-11-25,강원특별자치도 원주시_의원 정보_20251125.csv,2025-11-25,121,연세봄이비인후과의원,"강원특별자치도 원주시 영랑길 2, 201, 301호 (행구동)",033-747-2537,의원,phone_exact,1.0000,2026-07-15T23:14:39+09:00
wonju:13192687,clinic_2025-11-25,강원특별자치도 원주시_의원 정보_20251125.csv,2025-11-25,122,더사랑소아청소년과의원,"강원특별자치도 원주시 오리현길 16-9, 1층 (반곡동)",033-732-2693,의원,phone_exact,1.0000,2026-07-15T23:14:39+09:00
wonju:13192999,clinic_2025-11-25,강원특별자치도 원주시_의원 정보_20251125.csv,2025-11-25,123,연세치과의원,"강원특별자치도 원주시 무실로 182, 원주원예농협하나로클럽 2층 (단계동)",033-733-7505,의원,phone_exact,1.0000,2026-07-15T23:14:39+09:00
wonju:13192688,clinic_2025-11-25,강원특별자치도 원주시_의원 정보_20251125.csv,2025-11-25,124,하니유외과의원,"강원특별자치도 원주시 영랑길 14-2, 청연재 빌딩 3층 (행구동)",033-900-6075,의원,phone_exact,1.0000,2026-07-15T23:14:39+09:00
wonju:13192689,clinic_2025-11-25,강원특별자치도 원주시_의원 정보_20251125.csv,2025-11-25,125,우리산부인과의원,"강원특별자치도 원주시 영랑길 14-2, 청연재빌딩 6,7층 (행구동)",033-900-5959,의원,phone_exact,1.0000,2026-07-15T23:14:39+09:00
wonju:13192883,clinic_2025-11-25,강원특별자치도 원주시_의원 정보_20251125.csv,2025-11-25,126,최한의원,"강원특별자치도 원주시 문막읍 건등로 10-19, 문호빌딩 2층",033-734-2378,의원,phone_exact,1.0000,2026-07-15T23:14:39+09:00
wonju:13192690,clinic_2025-11-25,강원특별자치도 원주시_의원 정보_20251125.csv,2025-11-25,127,편하지의원,"강원특별자치도 원주시 시청로 25, 태성프라자 602~603호 (무실동)",033-813-0777,의원,phone_exact,1.0000,2026-07-15T23:14:39+09:00
wonju:13192691,clinic_2025-11-25,강원특별자치도 원주시_의원 정보_20251125.csv,2025-11-25,128,좋은 마음 정신건강의학과 의원,"강원특별자치도 원주시 서원대로 162, 601호 (단계동)",033-733-6300,의원,phone_exact,1.0000,2026-07-15T23:14:39+09:00
wonju:13192884,clinic_2025-11-25,강원특별자치도 원주시_의원 정보_20251125.csv,2025-11-25,129,바른한의원,"강원특별자치도 원주시 천사로 210, 1~4층 (일산동)",033-734-7975,의원,phone_exact,1.0000,2026-07-15T23:14:39+09:00
wonju:13192885,clinic_2025-11-25,강원특별자치도 원주시_의원 정보_20251125.csv,2025-11-25,130,문막동화한의원,"강원특별자치도 원주시 문막읍 왕건로 81, 동화빌딩 302호",033-746-7510,의원,phone_exact,1.0000,2026-07-15T23:14:39+09:00
wonju:13193000,clinic_2025-11-25,강원특별자치도 원주시_의원 정보_20251125.csv,2025-11-25,131,하늘치과의원,"강원특별자치도 원주시 능라동길 7, 403호 (무실동)",033-746-9075,의원,phone_exact,1.0000,2026-07-15T23:14:39+09:00
wonju:13193001,clinic_2025-11-25,강원특별자치도 원주시_의원 정보_20251125.csv,2025-11-25,132,연세이튼치과의원,"강원특별자치도 원주시 양지로 80, 403호, 404호 (반곡동)",033-747-8575,의원,phone_exact,1.0000,2026-07-15T23:14:39+09:00
wonju:13192886,clinic_2025-11-25,강원특별자치도 원주시_의원 정보_20251125.csv,2025-11-25,133,경희나무한의원,"강원특별자치도 원주시 백간길 25, 2층 (단계동)",033-744-1175,의원,phone_exact,1.0000,2026-07-15T23:14:39+09:00
wonju:13192692,clinic_2025-11-25,강원특별자치도 원주시_의원 정보_20251125.csv,2025-11-25,134,박현민성형외과의원,"강원특별자치도 원주시 서원대로 156, 5층 (단계동)",033-742-7773,의원,phone_exact,1.0000,2026-07-15T23:14:39+09:00
wonju:13192693,clinic_2025-11-25,강원특별자치도 원주시_의원 정보_20251125.csv,2025-11-25,135,하이맨비뇨기과의원,강원특별자치도 원주시 봉화로 12 (단계동),033-733-3744,의원,phone_exact,1.0000,2026-07-15T23:14:39+09:00
wonju:13192694,clinic_2025-11-25,강원특별자치도 원주시_의원 정보_20251125.csv,2025-11-25,136,부부소아청소년과의원,강원특별자치도 원주시 문막읍 왕건로 48,033-746-5988,의원,phone_exact,1.0000,2026-07-15T23:14:39+09:00
wonju:13193003,clinic_2025-11-25,강원특별자치도 원주시_의원 정보_20251125.csv,2025-11-25,137,삼성서울치과의원,"강원특별자치도 원주시 능라동길 51, 3층 301호 (무실동)",033-812-2875,의원,phone_exact,1.0000,2026-07-15T23:14:39+09:00
wonju:13193002,clinic_2025-11-25,강원특별자치도 원주시_의원 정보_20251125.csv,2025-11-25,138,삼성서울 치과교정과 치과의원,"강원특별자치도 원주시 능라동길 51, 3층 317, 318호 (무실동)",033-812-2888,의원,phone_exact,1.0000,2026-07-15T23:14:39+09:00
wonju:13192695,clinic_2025-11-25,강원특별자치도 원주시_의원 정보_20251125.csv,2025-11-25,139,엄마맘소아청소년과의원,"강원특별자치도 원주시 양지로 4, 2층 202호 (반곡동, 더조은메디컬빌딩 )",033-742-1119,의원,phone_exact,1.0000,2026-07-15T23:14:39+09:00
wonju:13192887,clinic_2025-11-25,강원특별자치도 원주시_의원 정보_20251125.csv,2025-11-25,140,모두올한의원,"강원특별자치도 원주시 혁신로 35, 205호 (반곡동)",033-747-8284,의원,phone_exact,1.0000,2026-07-15T23:14:39+09:00
wonju:13192696,clinic_2025-11-25,강원특별자치도 원주시_의원 정보_20251125.csv,2025-11-25,141,연세열린내과의원,"강원특별자치도 원주시 백간길 25, 2층 (단계동)",033-733-1346,의원,phone_exact,1.0000,2026-07-15T23:14:39+09:00
wonju:13192697,clinic_2025-11-25,강원특별자치도 원주시_의원 정보_20251125.csv,2025-11-25,142,죠훈신경외과의원,"강원특별자치도 원주시 양지로 4, 3~5층 (반곡동)",033-748-9111,의원,phone_exact,1.0000,2026-07-15T23:14:39+09:00
wonju:13193004,clinic_2025-11-25,강원특별자치도 원주시_의원 정보_20251125.csv,2025-11-25,143,건강한치과의원,"강원특별자치도 원주시 건강로 21, 2층 (반곡동, 조은빌딩)",033-734-2275,의원,phone_exact,1.0000,2026-07-15T23:14:39+09:00
wonju:13192698,clinic_2025-11-25,강원특별자치도 원주시_의원 정보_20251125.csv,2025-11-25,144,더편한정형외과의원,"강원특별자치도 원주시 원일로115번길 12 (일산동, 서진빌딩 4층)",033-734-7582,의원,phone_exact,1.0000,2026-07-15T23:14:39+09:00
wonju:13193005,clinic_2025-11-25,강원특별자치도 원주시_의원 정보_20251125.csv,2025-11-25,145,에벤에셀치과의원,"강원특별자치도 원주시 시청로 555, 2층 (관설동, 청어람빌딩)",033-764-9128,의원,phone_exact,1.0000,2026-07-15T23:14:39+09:00
wonju:13192699,clinic_2025-11-25,강원특별자치도 원주시_의원 정보_20251125.csv,2025-11-25,146,서울튼튼신경외과의원,"강원특별자치도 원주시 중앙시장길 11, 2층 (중앙동, 자유시장 1블럭 1호)",033-743-7583,의원,phone_exact,1.0000,2026-07-15T23:14:39+09:00
wonju:13192700,clinic_2025-11-25,강원특별자치도 원주시_의원 정보_20251125.csv,2025-11-25,147,하늘빛 정신건강의학과 의원,"강원특별자치도 원주시 능라동길 61, 5층 (무실동, 정한타워)",033-743-7975,의원,phone_exact,1.0000,2026-07-15T23:14:39+09:00
wonju:13192888,clinic_2025-11-25,강원특별자치도 원주시_의원 정보_20251125.csv,2025-11-25,148,보리한의원,"강원특별자치도 원주시 단구로 351, 2층 (단구동)",033-765-8875,의원,phone_exact,1.0000,2026-07-15T23:14:40+09:00
wonju:13192701,clinic_2025-11-25,강원특별자치도 원주시_의원 정보_20251125.csv,2025-11-25,149,꿈에의원,"강원특별자치도 원주시 단구로 398, 청솔3차아파트 상가동 1층 103호 (단구동)",033-732-7502,의원,phone_exact,1.0000,2026-07-15T23:14:40+09:00
wonju:13192702,clinic_2025-11-25,강원특별자치도 원주시_의원 정보_20251125.csv,2025-11-25,150,나다운 정신건강의학과의원,강원특별자치도 원주시 평원로 62 (평원동),033-744-2468,의원,phone_exact,1.0000,2026-07-15T23:14:40+09:00
wonju:13193006,clinic_2025-11-25,강원특별자치도 원주시_의원 정보_20251125.csv,2025-11-25,151,정직한치과의원,강원특별자치도 원주시 무실로 170 (단계동),033-747-2878,의원,phone_exact,1.0000,2026-07-15T23:14:40+09:00
wonju:13192703,clinic_2025-11-25,강원특별자치도 원주시_의원 정보_20251125.csv,2025-11-25,152,남부밝은안과의원,강원특별자치도 원주시 남원로 667-1 (명륜동),033-766-9100,의원,phone_exact,1.0000,2026-07-15T23:14:40+09:00
wonju:13192889,clinic_2025-11-25,강원특별자치도 원주시_의원 정보_20251125.csv,2025-11-25,153,삼대한의원,"강원특별자치도 원주시 원문로 168, 1층 (단계동)",033-743-8075,의원,phone_exact,1.0000,2026-07-15T23:14:40+09:00
wonju:13192890,clinic_2025-11-25,강원특별자치도 원주시_의원 정보_20251125.csv,2025-11-25,154,미올한의원원주점,"강원특별자치도 원주시 능라동길 63, 305호 (무실동)",033-734-5700,의원,phone_exact,1.0000,2026-07-15T23:14:40+09:00
wonju:13192891,clinic_2025-11-25,강원특별자치도 원주시_의원 정보_20251125.csv,2025-11-25,155,해담한의원,"강원특별자치도 원주시 혁신로 37-3, 301호 (반곡동)",033-731-1175,의원,phone_exact,1.0000,2026-07-15T23:14:40+09:00
wonju:13192892,clinic_2025-11-25,강원특별자치도 원주시_의원 정보_20251125.csv,2025-11-25,156,몸편안한의원,강원특별자치도 원주시 치악로 1786 (개운동),033-764-2757,의원,name_address_exact,1.0000,2026-07-15T23:14:40+09:00
wonju:13193007,clinic_2025-11-25,강원특별자치도 원주시_의원 정보_20251125.csv,2025-11-25,157,원주치과의원,"강원특별자치도 원주시 봉화로 31, 2층 (단계동)",033-734-2875,의원,phone_exact,1.0000,2026-07-15T23:14:40+09:00
wonju:13192893,clinic_2025-11-25,강원특별자치도 원주시_의원 정보_20251125.csv,2025-11-25,158,맥한의원,강원특별자치도 원주시 입춘로 110 (반곡동),033-765-8275,의원,phone_exact,1.0000,2026-07-15T23:14:40+09:00
wonju:13192704,clinic_2025-11-25,강원특별자치도 원주시_의원 정보_20251125.csv,2025-11-25,159,연세 혁신내과의원,강원특별자치도 원주시 혁신로 53 (반곡동),033-747-4253,의원,phone_exact,1.0000,2026-07-15T23:14:40+09:00
wonju:13193008,clinic_2025-11-25,강원특별자치도 원주시_의원 정보_20251125.csv,2025-11-25,160,닥터리치과의원,"강원특별자치도 원주시 행구로 148, 3층 (행구동)",033-748-7522,의원,phone_exact,1.0000,2026-07-15T23:14:40+09:00
wonju:13192705,clinic_2025-11-25,강원특별자치도 원주시_의원 정보_20251125.csv,2025-11-25,161,고석만정신건강의학과의원,"강원특별자치도 원주시 능라동길 59 (무실동, 정한프라자 509호)",033-744-0223,의원,phone_exact,1.0000,2026-07-15T23:14:40+09:00
wonju:13192894,clinic_2025-11-25,강원특별자치도 원주시_의원 정보_20251125.csv,2025-11-25,162,기린한의원,"강원특별자치도 원주시 장미공원길 67-16, 단계메디컬센터 4층 (단계동)",033-747-8333,의원,phone_exact,1.0000,2026-07-15T23:14:40+09:00
wonju:13193009,clinic_2025-11-25,강원특별자치도 원주시_의원 정보_20251125.csv,2025-11-25,163,오케이치과의원,"강원특별자치도 원주시 혁신로 37-3, 303, 305호 (반곡동)",033-812-2080,의원,phone_exact,1.0000,2026-07-15T23:14:40+09:00
wonju:13192706,clinic_2025-11-25,강원특별자치도 원주시_의원 정보_20251125.csv,2025-11-25,164,연세메디컬의원,강원특별자치도 원주시 시청로 70 (무실동),033-734-0365,의원,phone_exact,1.0000,2026-07-15T23:14:40+09:00
wonju:13193010,clinic_2025-11-25,강원특별자치도 원주시_의원 정보_20251125.csv,2025-11-25,165,치과의정석치과의원,강원특별자치도 원주시 능라동길 59 (무실동),033-731-2882,의원,phone_exact,1.0000,2026-07-15T23:14:40+09:00
wonju:13192707,clinic_2025-11-25,강원특별자치도 원주시_의원 정보_20251125.csv,2025-11-25,166,도담내과의원,"강원특별자치도 원주시 모란1길 70, 203층 (우산동, 수정프라자)",033-744-4901,의원,phone_exact,1.0000,2026-07-15T23:14:40+09:00
wonju:13193011,clinic_2025-11-25,강원특별자치도 원주시_의원 정보_20251125.csv,2025-11-25,167,서울열린치과의원,"강원특별자치도 원주시 시청로 96, 영신프라자 3층 303호 (무실동)",033-744-1369,의원,phone_exact,1.0000,2026-07-15T23:14:40+09:00
wonju:13193012,clinic_2025-11-25,강원특별자치도 원주시_의원 정보_20251125.csv,2025-11-25,168,연세부부치과의원,"강원특별자치도 원주시 모란1길 79, 2층 (우산동)",033-746-2879,의원,phone_exact,1.0000,2026-07-15T23:14:40+09:00
wonju:13192708,clinic_2025-11-25,강원특별자치도 원주시_의원 정보_20251125.csv,2025-11-25,169,연세굿모닝내과의원,"강원특별자치도 원주시 행구로 148, 3층 (행구동)",033-733-0799,의원,phone_exact,1.0000,2026-07-15T23:14:40+09:00
wonju:13193013,clinic_2025-11-25,강원특별자치도 원주시_의원 정보_20251125.csv,2025-11-25,170,닥터후치과의원,"강원특별자치도 원주시 시청로 98, 3층 (무실동, 새봄빌딩)",033-742-2875,의원,phone_exact,1.0000,2026-07-15T23:14:40+09:00
wonju:13193014,clinic_2025-11-25,강원특별자치도 원주시_의원 정보_20251125.csv,2025-11-25,171,연세사랑나눔치과의원,"강원특별자치도 원주시 모란1길 86, 2층 202~206호 (우산동)",033-733-0875,의원,phone_exact,1.0000,2026-07-15T23:14:40+09:00
wonju:13192709,clinic_2025-11-25,강원특별자치도 원주시_의원 정보_20251125.csv,2025-11-25,172,타토아의원,"강원특별자치도 원주시 서원대로 408, 3층 (단구동)",033-766-0211,의원,phone_exact,1.0000,2026-07-15T23:14:40+09:00
wonju:13192710,clinic_2025-11-25,강원특별자치도 원주시_의원 정보_20251125.csv,2025-11-25,173,다온재활의학과의원,"강원특별자치도 원주시 능라동길 61, 3,5층 308,309,,506,507,508호 (무실동)",033-746-7500,의원,phone_exact,1.0000,2026-07-15T23:14:40+09:00
wonju:13193015,clinic_2025-11-25,강원특별자치도 원주시_의원 정보_20251125.csv,2025-11-25,174,서울윤치과의원,"강원특별자치도 원주시 단구로 360, 2층 (단구동)",033-761-2879,의원,phone_exact,1.0000,2026-07-15T23:14:40+09:00
wonju:13193016,clinic_2025-11-25,강원특별자치도 원주시_의원 정보_20251125.csv,2025-11-25,175,스토리치과의원,강원특별자치도 원주시 능라동길 61 (무실동),033-733-2875,의원,phone_exact,1.0000,2026-07-15T23:14:40+09:00
wonju:13192895,clinic_2025-11-25,강원특별자치도 원주시_의원 정보_20251125.csv,2025-11-25,176,이성문한의원,"강원특별자치도 원주시 치악로 1502, 2층 (단구동)",033-765-7582,의원,phone_exact,1.0000,2026-07-15T23:14:40+09:00
wonju:13192711,clinic_2025-11-25,강원특별자치도 원주시_의원 정보_20251125.csv,2025-11-25,177,연세키즈 소아청소년과의원,"강원특별자치도 원주시 서원대로 402, 3층 (단구동, 대신프라자)",033-764-6644,의원,phone_exact,1.0000,2026-07-15T23:14:40+09:00
wonju:13192896,clinic_2025-11-25,강원특별자치도 원주시_의원 정보_20251125.csv,2025-11-25,178,경희해문한의원,"강원특별자치도 원주시 능라동길 70, 409호 (무실동)",033-748-1640,의원,phone_exact,1.0000,2026-07-15T23:14:40+09:00
wonju:13193017,clinic_2025-11-25,강원특별자치도 원주시_의원 정보_20251125.csv,2025-11-25,179,닥터유 부부치과의원,"강원특별자치도 원주시 오리현길 57, 5층 (반곡동)",033-735-1880,의원,phone_exact,1.0000,2026-07-15T23:14:40+09:00
wonju:13192897,clinic_2025-11-25,강원특별자치도 원주시_의원 정보_20251125.csv,2025-11-25,180,우리가족한의원,강원특별자치도 원주시 단구로 404 (단구동),033-745-7579,의원,phone_exact,1.0000,2026-07-15T23:14:40+09:00
wonju:13192712,clinic_2025-11-25,강원특별자치도 원주시_의원 정보_20251125.csv,2025-11-25,181,중앙메디칼 연합의원,강원특별자치도 원주시 평원로 33 (중앙동),033-735-5511,의원,phone_exact,1.0000,2026-07-15T23:14:40+09:00
wonju:13192713,clinic_2025-11-25,강원특별자치도 원주시_의원 정보_20251125.csv,2025-11-25,182,키즈메디소아청소년과의원,강원특별자치도 원주시 능라동길 61 (무실동),033-742-0707,의원,phone_exact,1.0000,2026-07-15T23:14:40+09:00
wonju:13192714,clinic_2025-11-25,강원특별자치도 원주시_의원 정보_20251125.csv,2025-11-25,183,최경훈 내과의원,강원특별자치도 원주시 원일로115번길 12 (일산동),033-742-7400,의원,phone_exact,1.0000,2026-07-15T23:14:40+09:00
wonju:13193018,clinic_2025-11-25,강원특별자치도 원주시_의원 정보_20251125.csv,2025-11-25,184,원주유디치과의원,"강원특별자치도 원주시 서원대로 162, 3층 (단계동)",033-743-2838,의원,phone_exact,1.0000,2026-07-15T23:14:40+09:00
wonju:13193019,clinic_2025-11-25,강원특별자치도 원주시_의원 정보_20251125.csv,2025-11-25,185,이스타치과의원,"강원특별자치도 원주시 백간길 74 (단계동, 라이프상가 201,202호)",033-735-1668,의원,phone_exact,1.0000,2026-07-15T23:14:40+09:00
wonju:13192898,clinic_2025-11-25,강원특별자치도 원주시_의원 정보_20251125.csv,2025-11-25,186,사랑손한의원,"강원특별자치도 원주시 무실본동길 54, 1층 (무실동)",033-742-1075,의원,phone_exact,1.0000,2026-07-15T23:14:40+09:00
wonju:13192899,clinic_2025-11-25,강원특별자치도 원주시_의원 정보_20251125.csv,2025-11-25,187,신중한의원,"강원특별자치도 원주시 문막읍 동화택지길 3-25, 1층",033-732-8275,의원,phone_exact,1.0000,2026-07-15T23:14:40+09:00
wonju:13192900,clinic_2025-11-25,강원특별자치도 원주시_의원 정보_20251125.csv,2025-11-25,188,경희후한의원,"강원특별자치도 원주시 능라동길 31, 2~3층 (무실동)",033-766-5075,의원,phone_exact,1.0000,2026-07-15T23:14:40+09:00
wonju:13193020,clinic_2025-11-25,강원특별자치도 원주시_의원 정보_20251125.csv,2025-11-25,189,킴스주니어치과의원,"강원특별자치도 원주시 무실로 169, 2,3층 (명륜동)",033-901-1234,의원,phone_exact,1.0000,2026-07-15T23:14:40+09:00
wonju:13192715,clinic_2025-11-25,강원특별자치도 원주시_의원 정보_20251125.csv,2025-11-25,190,강원의료복지사회적협동조합밝음의원,"강원특별자치도 원주시 중앙로 85, 4층 (중앙동)",033-744-7571,의원,phone_exact,1.0000,2026-07-15T23:14:40+09:00
wonju:13192716,clinic_2025-11-25,강원특별자치도 원주시_의원 정보_20251125.csv,2025-11-25,191,연세이비인후과의원,강원특별자치도 원주시 봉화로 12 (단계동),033-745-5075,의원,phone_exact,1.0000,2026-07-15T23:14:40+09:00
wonju:13192717,clinic_2025-11-25,강원특별자치도 원주시_의원 정보_20251125.csv,2025-11-25,192,흥업성모의원,강원특별자치도 원주시 흥업면 남원로 76,033-765-2275,의원,phone_exact,1.0000,2026-07-15T23:14:40+09:00
wonju:13192718,clinic_2025-11-25,강원특별자치도 원주시_의원 정보_20251125.csv,2025-11-25,193,신샘내과의원,"강원특별자치도 원주시 원일로115번길 12, 3층 (일산동, 서진빌딩)",033-735-9909,의원,phone_exact,1.0000,2026-07-15T23:14:40+09:00
wonju:13192719,clinic_2025-11-25,강원특별자치도 원주시_의원 정보_20251125.csv,2025-11-25,194,우성애 여성의원,강원특별자치도 원주시 남원로 589 (명륜동),033-766-7889,의원,phone_exact,1.0000,2026-07-15T23:14:40+09:00
wonju:13192720,clinic_2025-11-25,강원특별자치도 원주시_의원 정보_20251125.csv,2025-11-25,195,강남제이스타의원,"강원특별자치도 원주시 능라동길 51, 시네시티타워 501, 502호 (무실동)",033-733-7585,의원,phone_exact,1.0000,2026-07-15T23:14:40+09:00
wonju:13192901,clinic_2025-11-25,강원특별자치도 원주시_의원 정보_20251125.csv,2025-11-25,196,예그린한의원,"강원특별자치도 원주시 서원대로 174, 2층 (단계동)",033-745-1075,의원,phone_exact,1.0000,2026-07-15T23:14:40+09:00
wonju:13192721,clinic_2025-11-25,강원특별자치도 원주시_의원 정보_20251125.csv,2025-11-25,197,셀레스의원,"강원특별자치도 원주시 봉화로 16, 3층 (단계동)",033-748-9779,의원,phone_exact,1.0000,2026-07-15T23:14:40+09:00
wonju:13193021,clinic_2025-11-25,강원특별자치도 원주시_의원 정보_20251125.csv,2025-11-25,198,28지킴이치과의원,강원특별자치도 원주시 봉화로 16 (단계동),033-747-2891,의원,phone_exact,1.0000,2026-07-15T23:14:40+09:00
wonju:13192722,clinic_2025-11-25,강원특별자치도 원주시_의원 정보_20251125.csv,2025-11-25,199,고은의원,강원특별자치도 원주시 봉화로 29 (단계동),033-747-7457,의원,phone_exact,1.0000,2026-07-15T23:14:40+09:00
wonju:13192723,clinic_2025-11-25,강원특별자치도 원주시_의원 정보_20251125.csv,2025-11-25,200,오렌지가정의원,강원특별자치도 원주시 봉화로 1 (단계동),033-742-7595,의원,phone_exact,1.0000,2026-07-15T23:14:40+09:00
wonju:13192724,clinic_2025-11-25,강원특별자치도 원주시_의원 정보_20251125.csv,2025-11-25,201,고은미래의원,"강원특별자치도 원주시 시청로 98, 3층 (무실동)",033-747-7552,의원,phone_exact,1.0000,2026-07-15T23:14:40+09:00
wonju:13192902,clinic_2025-11-25,강원특별자치도 원주시_의원 정보_20251125.csv,2025-11-25,202,광인당한의원,"강원특별자치도 원주시 남원로 623, 2층 (명륜동)",033-766-7500,의원,phone_exact,1.0000,2026-07-15T23:14:40+09:00
wonju:13192725,clinic_2025-11-25,강원특별자치도 원주시_의원 정보_20251125.csv,2025-11-25,203,위즈팍서울정형외과의원,"강원특별자치도 원주시 봉화로 16, 2층 (단계동)",033-734-1275,의원,phone_exact,1.0000,2026-07-15T23:14:40+09:00
wonju:13193022,clinic_2025-11-25,강원특별자치도 원주시_의원 정보_20251125.csv,2025-11-25,204,베스트치과의원,"강원특별자치도 원주시 단구로 398, 가온프라자 2층 201호 (단구동)",033-743-2879,의원,phone_exact,1.0000,2026-07-15T23:14:40+09:00
wonju:13192903,clinic_2025-11-25,강원특별자치도 원주시_의원 정보_20251125.csv,2025-11-25,205,제민당한의원,"강원특별자치도 원주시 치악로 1594, 1층 (단구동)",033-765-2700,의원,phone_exact,1.0000,2026-07-15T23:14:40+09:00
wonju:13192904,clinic_2025-11-25,강원특별자치도 원주시_의원 정보_20251125.csv,2025-11-25,206,플러스한의원,"강원특별자치도 원주시 남원로 643-1, 1층 (명륜동)",033-735-8282,의원,phone_exact,1.0000,2026-07-15T23:14:40+09:00
wonju:13192905,clinic_2025-11-25,강원특별자치도 원주시_의원 정보_20251125.csv,2025-11-25,207,여민한의원,"강원특별자치도 원주시 행구로 69, 1층 (봉산동)",033-766-1075,의원,phone_exact,1.0000,2026-07-15T23:14:40+09:00
wonju:13193023,clinic_2025-11-25,강원특별자치도 원주시_의원 정보_20251125.csv,2025-11-25,208,이사랑치과의원,"강원특별자치도 원주시 늘품로 187-58, 3층 312호 (단구동, 현대아카데미프라자)",033-734-2804,의원,phone_exact,1.0000,2026-07-15T23:14:40+09:00
wonju:13193024,clinic_2025-11-25,강원특별자치도 원주시_의원 정보_20251125.csv,2025-11-25,209,세명치과의원,"강원특별자치도 원주시 행구로 67, 2층 (봉산동)",033-747-8228,의원,phone_exact,1.0000,2026-07-15T23:14:40+09:00
wonju:13193025,clinic_2025-11-25,강원특별자치도 원주시_의원 정보_20251125.csv,2025-11-25,210,마리치과의원,"강원특별자치도 원주시 중평길 2, 2층 (중앙동)",033-742-8275,의원,phone_exact,1.0000,2026-07-15T23:14:40+09:00
wonju:13193026,clinic_2025-11-25,강원특별자치도 원주시_의원 정보_20251125.csv,2025-11-25,211,서울에이스치과의원,"강원특별자치도 원주시 태장둔치길 55, 2층 (태장동)",033-746-2842,의원,phone_exact,1.0000,2026-07-15T23:14:40+09:00
wonju:13193027,clinic_2025-11-25,강원특별자치도 원주시_의원 정보_20251125.csv,2025-11-25,212,스카이치과의원,"강원특별자치도 원주시 원일로 57, 4층 (원동, 마노벨라빌딩)",033-761-2842,의원,phone_exact,1.0000,2026-07-15T23:14:40+09:00
wonju:13192726,clinic_2025-11-25,강원특별자치도 원주시_의원 정보_20251125.csv,2025-11-25,213,연세봄재활의학과의원,"강원특별자치도 원주시 무실로 113, 원동프라자 2층, 3층 (원동)",033-762-0330,의원,phone_exact,1.0000,2026-07-15T23:14:40+09:00
wonju:13192727,clinic_2025-11-25,강원특별자치도 원주시_의원 정보_20251125.csv,2025-11-25,214,유로진비뇨기과의원,"강원특별자치도 원주시 서원대로 184, 새동빌딩 2층 (단계동)",033-734-7752,의원,phone_exact,1.0000,2026-07-15T23:14:40+09:00
wonju:13192906,clinic_2025-11-25,강원특별자치도 원주시_의원 정보_20251125.csv,2025-11-25,215,화평당한의원,강원특별자치도 원주시 행구로 115 (봉산동),033-734-0550,의원,phone_exact,1.0000,2026-07-15T23:14:40+09:00
wonju:13192907,clinic_2025-11-25,강원특별자치도 원주시_의원 정보_20251125.csv,2025-11-25,216,이현주한의원,강원특별자치도 원주시 귀래면 운계다둔길 113-7,033-765-7510,의원,phone_exact,1.0000,2026-07-15T23:14:40+09:00
wonju:13193028,clinic_2025-11-25,강원특별자치도 원주시_의원 정보_20251125.csv,2025-11-25,217,원주샘치과의원,"강원특별자치도 원주시 치악로 1793, 3층 (개운동, 농협)",033-764-7878,의원,phone_exact,1.0000,2026-07-15T23:14:40+09:00
wonju:13192728,clinic_2025-11-25,강원특별자치도 원주시_의원 정보_20251125.csv,2025-11-25,218,원주마디정형외과의원,"강원특별자치도 원주시 서원대로 502, 3층 (단구동, 골드프라자)",033-765-0810,의원,phone_exact,1.0000,2026-07-15T23:14:40+09:00
wonju:13192908,clinic_2025-11-25,강원특별자치도 원주시_의원 정보_20251125.csv,2025-11-25,219,으뜸한의원,"강원특별자치도 원주시 중앙시장길 11, 2층 3-3호 (중앙동, 자유시장상가)",033-734-1211,의원,phone_exact,1.0000,2026-07-15T23:14:40+09:00
wonju:13192909,clinic_2025-11-25,강원특별자치도 원주시_의원 정보_20251125.csv,2025-11-25,220,명륜한의원,"강원특별자치도 원주시 예술관길 25, 상가동 109,111,112,201호 (명륜동, 명륜2단지아파트)",033-765-1275,의원,phone_exact,1.0000,2026-07-15T23:14:40+09:00
wonju:13193029,clinic_2025-11-25,강원특별자치도 원주시_의원 정보_20251125.csv,2025-11-25,221,프렌즈치과의원,강원특별자치도 원주시 북원로 2701 (가현동),033-745-2858,의원,phone_exact,1.0000,2026-07-15T23:14:40+09:00
wonju:13192729,clinic_2025-11-25,강원특별자치도 원주시_의원 정보_20251125.csv,2025-11-25,222,Dr. 구의원,"강원특별자치도 원주시 서원대로 392, 3층 (단구동, 스타프라자)",033-766-2535,의원,phone_exact,1.0000,2026-07-15T23:14:40+09:00
wonju:13192730,clinic_2025-11-25,강원특별자치도 원주시_의원 정보_20251125.csv,2025-11-25,223,임수빈내과의원,강원특별자치도 원주시 시청로 98 (무실동),033-743-2266,의원,phone_exact,1.0000,2026-07-15T23:14:40+09:00
wonju:13192910,clinic_2025-11-25,강원특별자치도 원주시_의원 정보_20251125.csv,2025-11-25,224,유앤미한의원,"강원특별자치도 원주시 흥양로51번길 1, 2층 (태장동)",033-735-7597,의원,phone_exact,1.0000,2026-07-15T23:14:40+09:00
wonju:13192731,clinic_2025-11-25,강원특별자치도 원주시_의원 정보_20251125.csv,2025-11-25,225,청담심스성형외과의원,"강원특별자치도 원주시 남원로534번길 6 (단구동, 이룸빌딩)",033-763-6688,의원,phone_exact,1.0000,2026-07-15T23:14:40+09:00
wonju:13193030,clinic_2025-11-25,강원특별자치도 원주시_의원 정보_20251125.csv,2025-11-25,226,하얀이치과의원,강원특별자치도 원주시 능라동길 3 (무실동),033-747-2875,의원,phone_exact,1.0000,2026-07-15T23:14:40+09:00
wonju:13192911,clinic_2025-11-25,강원특별자치도 원주시_의원 정보_20251125.csv,2025-11-25,227,선율당한의원,강원특별자치도 원주시 치악로 1507 (관설동),033-765-4859,의원,phone_exact,1.0000,2026-07-15T23:14:40+09:00
wonju:13192912,clinic_2025-11-25,강원특별자치도 원주시_의원 정보_20251125.csv,2025-11-25,228,치악산한의원,강원특별자치도 원주시 소초면 서동로 46,033-732-5630,의원,phone_exact,1.0000,2026-07-15T23:14:40+09:00
wonju:13192913,clinic_2025-11-25,강원특별자치도 원주시_의원 정보_20251125.csv,2025-11-25,229,생명수한의원,"강원특별자치도 원주시 원일로 135, 2층 (일산동)",033-746-1075,의원,phone_exact,1.0000,2026-07-15T23:14:40+09:00
wonju:13193031,clinic_2025-11-25,강원특별자치도 원주시_의원 정보_20251125.csv,2025-11-25,230,문막애치과의원,"강원특별자치도 원주시 문막읍 왕건로 81, 동화빌딩 201호",033-746-2275,의원,phone_exact,1.0000,2026-07-15T23:14:40+09:00
wonju:13193032,clinic_2025-11-25,강원특별자치도 원주시_의원 정보_20251125.csv,2025-11-25,231,엔치과의원,"강원특별자치도 원주시 남원로 669, 2층 (명륜동)",033-763-2866,의원,phone_exact,1.0000,2026-07-15T23:14:40+09:00
wonju:13192914,clinic_2025-11-25,강원특별자치도 원주시_의원 정보_20251125.csv,2025-11-25,232,원주함소아한의원,"강원특별자치도 원주시 서원대로 396, 306,307호 (단구동)",033-764-5475,의원,phone_exact,1.0000,2026-07-15T23:14:40+09:00
wonju:13192915,clinic_2025-11-25,강원특별자치도 원주시_의원 정보_20251125.csv,2025-11-25,233,백두한의원,"강원특별자치도 원주시 원일로 151, 2층 (일산동)",033-748-1020,의원,phone_exact,1.0000,2026-07-15T23:14:40+09:00
wonju:13192732,clinic_2025-11-25,강원특별자치도 원주시_의원 정보_20251125.csv,2025-11-25,234,뉴코웰이비인후과의원,"강원특별자치도 원주시 단구로 351, 3층 (단구동)",033-765-9559,의원,phone_exact,1.0000,2026-07-15T23:14:40+09:00
wonju:13192916,clinic_2025-11-25,강원특별자치도 원주시_의원 정보_20251125.csv,2025-11-25,235,부론한의원,강원특별자치도 원주시 부론면 법천시장길 55-2,033-733-9618,의원,phone_exact,1.0000,2026-07-15T23:14:40+09:00
wonju:13192733,clinic_2025-11-25,강원특별자치도 원주시_의원 정보_20251125.csv,2025-11-25,236,율산부인과의원,"강원특별자치도 원주시 능라동길 61, 8층 (무실동, 정한타워)",033-765-0655,의원,phone_exact,1.0000,2026-07-15T23:14:40+09:00
wonju:13193033,clinic_2025-11-25,강원특별자치도 원주시_의원 정보_20251125.csv,2025-11-25,237,고은아이치과의원,"강원특별자치도 원주시 서원대로 408, 203호 (단구동, 광장빌딩)",033-766-7528,의원,phone_exact,1.0000,2026-07-15T23:14:40+09:00
wonju:13193034,clinic_2025-11-25,강원특별자치도 원주시_의원 정보_20251125.csv,2025-11-25,238,연세스카이치과의원,"강원특별자치도 원주시 단구로 395, 2층 (단구동)",033-761-2875,의원,phone_exact,1.0000,2026-07-15T23:14:40+09:00
wonju:13192917,clinic_2025-11-25,강원특별자치도 원주시_의원 정보_20251125.csv,2025-11-25,239,천일한의원,"강원특별자치도 원주시 신림면 치악로 37, 1층",033-762-5177,의원,phone_exact,1.0000,2026-07-15T23:14:40+09:00
wonju:13193035,clinic_2025-11-25,강원특별자치도 원주시_의원 정보_20251125.csv,2025-11-25,240,서울인성치과의원,"강원특별자치도 원주시 흥업면 남원로 57, 3, 4층",033-766-2879,의원,phone_exact,1.0000,2026-07-15T23:14:40+09:00
wonju:13193036,clinic_2025-11-25,강원특별자치도 원주시_의원 정보_20251125.csv,2025-11-25,241,원주웰치과의원,"강원특별자치도 원주시 시청로 80, 3층 301호 (무실동, 쎈터프라자)",033-735-2275,의원,phone_exact,1.0000,2026-07-15T23:14:40+09:00
wonju:13192918,clinic_2025-11-25,강원특별자치도 원주시_의원 정보_20251125.csv,2025-11-25,242,정운기한의원,"강원특별자치도 원주시 시청로 80, 쎈터프라자 302,304,305호 (무실동)",033-734-1020,의원,phone_exact,1.0000,2026-07-15T23:14:40+09:00
wonju:13192734,clinic_2025-11-25,강원특별자치도 원주시_의원 정보_20251125.csv,2025-11-25,243,중앙의원,"강원특별자치도 원주시 평원로 63, 2,5층 (중앙동)",033-733-2277,의원,phone_exact,1.0000,2026-07-15T23:14:40+09:00
wonju:13192919,clinic_2025-11-25,강원특별자치도 원주시_의원 정보_20251125.csv,2025-11-25,244,백록담한의원,강원특별자치도 원주시 개봉교길 9 (개운동),033-763-7555,의원,phone_exact,1.0000,2026-07-15T23:14:40+09:00
wonju:13193037,clinic_2025-11-25,강원특별자치도 원주시_의원 정보_20251125.csv,2025-11-25,245,로스윌서울이싫어내려온치과의원,"강원특별자치도 원주시 서원대로 410 (단구동, 한솔프라자)",033-765-2851,의원,phone_exact,1.0000,2026-07-15T23:14:40+09:00
wonju:13192735,clinic_2025-11-25,강원특별자치도 원주시_의원 정보_20251125.csv,2025-11-25,246,퀸스영상의학과의원,"강원특별자치도 원주시 무실로12번길 24, 3층 (일산동)",033-733-7575,의원,phone_exact,1.0000,2026-07-15T23:14:40+09:00
wonju:13192736,clinic_2025-11-25,강원특별자치도 원주시_의원 정보_20251125.csv,2025-11-25,247,연세남부정형외과의원,"강원특별자치도 원주시 치악로 1788 (개운동, 동원주새마을금고)",033-761-9128,의원,phone_exact,1.0000,2026-07-15T23:14:40+09:00
wonju:13192920,clinic_2025-11-25,강원특별자치도 원주시_의원 정보_20251125.csv,2025-11-25,248,다다함한방내과한의원,"강원특별자치도 원주시 시청로 36, 1층 (무실동)",033-766-7510,의원,phone_exact,1.0000,2026-07-15T23:14:40+09:00
wonju:13192921,clinic_2025-11-25,강원특별자치도 원주시_의원 정보_20251125.csv,2025-11-25,249,하나한의원,"강원특별자치도 원주시 치악로 1965, 2층 (태장동)",033-735-7510,의원,phone_exact,1.0000,2026-07-15T23:14:40+09:00
wonju:13192737,clinic_2025-11-25,강원특별자치도 원주시_의원 정보_20251125.csv,2025-11-25,250,아나파마취통증의학과의원,"강원특별자치도 원주시 봉화로 22, 302호 (단계동, 더파크타워)",033-744-3123,의원,phone_exact,1.0000,2026-07-15T23:14:40+09:00
wonju:13193038,clinic_2025-11-25,강원특별자치도 원주시_의원 정보_20251125.csv,2025-11-25,251,신호드림치과의원,강원특별자치도 원주시 치악로 1965 (태장동),033-735-2836,의원,phone_exact,1.0000,2026-07-15T23:14:40+09:00
wonju:13192738,clinic_2025-11-25,강원특별자치도 원주시_의원 정보_20251125.csv,2025-11-25,252,연세수비뇨기과의원,강원특별자치도 원주시 서원대로 163 (단계동),033-747-6932,의원,phone_exact,1.0000,2026-07-15T23:14:40+09:00
wonju:13193039,clinic_2025-11-25,강원특별자치도 원주시_의원 정보_20251125.csv,2025-11-25,253,굿모닝치과의원,"강원특별자치도 원주시 입춘로 110, 3층 307호 (반곡동)",033-747-7527,의원,phone_exact,1.0000,2026-07-15T23:14:40+09:00
wonju:13192739,clinic_2025-11-25,강원특별자치도 원주시_의원 정보_20251125.csv,2025-11-25,254,희망정형외과의원,"강원특별자치도 원주시 시청로 84, 4층 (무실동, 애드피아빌딩)",033-743-2575,의원,phone_exact,1.0000,2026-07-15T23:14:40+09:00
wonju:13193040,clinic_2025-11-25,강원특별자치도 원주시_의원 정보_20251125.csv,2025-11-25,255,e-플란트미래치과의원,"강원특별자치도 원주시 서원대로 383, 4층 (개운동, 한신플라자)",033-764-7528,의원,phone_exact,1.0000,2026-07-15T23:14:40+09:00
wonju:13192740,clinic_2025-11-25,강원특별자치도 원주시_의원 정보_20251125.csv,2025-11-25,256,연세탑이비인후과의원,"강원특별자치도 원주시 혁신로 55, 207호 (반곡동)",033-743-5075,의원,phone_exact,1.0000,2026-07-15T23:14:40+09:00
wonju:13192741,clinic_2025-11-25,강원특별자치도 원주시_의원 정보_20251125.csv,2025-11-25,257,강훈소아청소년과의원,"강원특별자치도 원주시 입춘로 110 (반곡동, 파라다이스프라자 301,302호)",033-744-7579,의원,phone_exact,1.0000,2026-07-15T23:14:40+09:00
wonju:13192742,clinic_2025-11-25,강원특별자치도 원주시_의원 정보_20251125.csv,2025-11-25,258,연세장상민재활의학과의원,"강원특별자치도 원주시 문막읍 문막시장1길 39, 2~3층",033-742-2473,의원,phone_exact,1.0000,2026-07-15T23:14:40+09:00
wonju:13192743,clinic_2025-11-25,강원특별자치도 원주시_의원 정보_20251125.csv,2025-11-25,259,박동훈내과의원,"강원특별자치도 원주시 봉화로 22, 6층 (단계동, 더파크타워)",033-746-7588,의원,phone_exact,1.0000,2026-07-15T23:14:40+09:00
wonju:13192922,clinic_2025-11-25,강원특별자치도 원주시_의원 정보_20251125.csv,2025-11-25,260,경희미려한의원,"강원특별자치도 원주시 서원대로 406, 4층 (단구동, 리더스타워)",033-744-8575,의원,phone_exact,1.0000,2026-07-15T23:14:40+09:00
wonju:13192923,clinic_2025-11-25,강원특별자치도 원주시_의원 정보_20251125.csv,2025-11-25,261,문막한의원,강원특별자치도 원주시 문막읍 문막시장1길 9,033-735-8575,의원,phone_exact,1.0000,2026-07-15T23:14:40+09:00
wonju:13192744,clinic_2025-11-25,강원특별자치도 원주시_의원 정보_20251125.csv,2025-11-25,262,편안한마취통증의학과의원,"강원특별자치도 원주시 남원로 671, 4층 (명륜동)",033-766-8275,의원,phone_exact,1.0000,2026-07-15T23:14:40+09:00
wonju:13192745,clinic_2025-11-25,강원특별자치도 원주시_의원 정보_20251125.csv,2025-11-25,263,연세소울정신건강의학과의원,"강원특별자치도 원주시 능라동길 3 (무실동, 5층 501호)",033-762-9960,의원,phone_exact,1.0000,2026-07-15T23:14:40+09:00
wonju:13192746,clinic_2025-11-25,강원특별자치도 원주시_의원 정보_20251125.csv,2025-11-25,264,안아픈세상의원,강원특별자치도 원주시 판부면 남원로 380-1,033-764-5577,의원,phone_exact,1.0000,2026-07-15T23:14:40+09:00
wonju:13192747,clinic_2025-11-25,강원특별자치도 원주시_의원 정보_20251125.csv,2025-11-25,265,연세맑은내과의원,"강원특별자치도 원주시 남원로 528-31, 신세계프라자 303,304,305,306,307,308호 (단구동)",033-765-3200,의원,phone_exact,1.0000,2026-07-15T23:14:40+09:00
wonju:13193041,clinic_2025-11-25,강원특별자치도 원주시_의원 정보_20251125.csv,2025-11-25,266,연세프라임치과의원,"강원특별자치도 원주시 서원대로 406, 4층 (단구동, 리더스타워)",033-765-7928,의원,phone_exact,1.0000,2026-07-15T23:14:40+09:00
wonju:13192748,clinic_2025-11-25,강원특별자치도 원주시_의원 정보_20251125.csv,2025-11-25,267,원주밝은안과의원,"강원특별자치도 원주시 서원대로 406, 5층 (단구동, 리더스타워)",033-766-9000,의원,phone_exact,1.0000,2026-07-15T23:14:40+09:00
wonju:13192924,clinic_2025-11-25,강원특별자치도 원주시_의원 정보_20251125.csv,2025-11-25,268,행복한의원,"강원특별자치도 원주시 예술관길 28-1, 1층 (명륜동)",033-765-3533,의원,phone_exact,1.0000,2026-07-15T23:14:40+09:00
wonju:13192749,clinic_2025-11-25,강원특별자치도 원주시_의원 정보_20251125.csv,2025-11-25,269,아름다운산부인과의원,"강원특별자치도 원주시 봉화로 10, 2층 (단계동)",033-747-8855,의원,phone_exact,1.0000,2026-07-15T23:14:40+09:00
wonju:13192925,clinic_2025-11-25,강원특별자치도 원주시_의원 정보_20251125.csv,2025-11-25,270,동아한의원,강원특별자치도 원주시 치악로 1592 (단구동),033-765-3663,의원,phone_exact,1.0000,2026-07-15T23:14:40+09:00
wonju:13192750,clinic_2025-11-25,강원특별자치도 원주시_의원 정보_20251125.csv,2025-11-25,271,연세프라임안과의원,"강원특별자치도 원주시 원일로 89, 대림빌딩 2층 (일산동)",033-731-2753,의원,phone_exact,1.0000,2026-07-15T23:14:40+09:00
wonju:13193042,clinic_2025-11-25,강원특별자치도 원주시_의원 정보_20251125.csv,2025-11-25,272,고운치과교정과치과의원,"강원특별자치도 원주시 서원대로 408, 501,502호 (단구동, 광장빌딩)",033-761-2804,의원,phone_exact,1.0000,2026-07-15T23:14:40+09:00
wonju:13192926,clinic_2025-11-25,강원특별자치도 원주시_의원 정보_20251125.csv,2025-11-25,273,총통한의원,"강원특별자치도 원주시 능라동길 59, 5층 (무실동, 정한프라자)",033-765-2228,의원,phone_exact,1.0000,2026-07-15T23:14:40+09:00
wonju:13193043,clinic_2025-11-25,강원특별자치도 원주시_의원 정보_20251125.csv,2025-11-25,274,연세아이편한치과의원,"강원특별자치도 원주시 능라동길 51, 617호 (무실동)",033-744-5275,의원,phone_exact,1.0000,2026-07-15T23:14:40+09:00
wonju:13192927,clinic_2025-11-25,강원특별자치도 원주시_의원 정보_20251125.csv,2025-11-25,275,당유위한의원,"강원특별자치도 원주시 서원대로 392, 4층 (단구동, 스타프라자)",033-766-2295,의원,phone_exact,1.0000,2026-07-15T23:14:40+09:00
wonju:13193044,clinic_2025-11-25,강원특별자치도 원주시_의원 정보_20251125.csv,2025-11-25,276,원주STM치과의원,"강원특별자치도 원주시 능라동길 63, 5층 502~503호 (무실동)",033-734-2872,의원,phone_exact,1.0000,2026-07-15T23:14:40+09:00
wonju:13192928,clinic_2025-11-25,강원특별자치도 원주시_의원 정보_20251125.csv,2025-11-25,277,소나무한의원,"강원특별자치도 원주시 평원로 58, 2층 (평원동)",033-765-5775,의원,phone_exact,1.0000,2026-07-15T23:14:40+09:00
wonju:13192929,clinic_2025-11-25,강원특별자치도 원주시_의원 정보_20251125.csv,2025-11-25,278,당청운한의원,"강원특별자치도 원주시 시청로 3, 207-208호 (무실동)",033-742-1042,의원,phone_exact,1.0000,2026-07-15T23:14:40+09:00
wonju:13192751,clinic_2025-11-25,강원특별자치도 원주시_의원 정보_20251125.csv,2025-11-25,279,연세순풍산부인과의원,강원특별자치도 원주시 장미공원길 43-6 (단계동),033-745-0199,의원,phone_exact,1.0000,2026-07-15T23:14:40+09:00
public:be79b69ae8d741a8,clinic_2025-11-25,강원특별자치도 원주시_의원 정보_20251125.csv,2025-11-25,280,판부면보건지소,강원특별자치도 원주시 치악로 1501 (관설동),033-737-4538,의원,new_source_provided,1.0000,2026-07-15T23:14:40+09:00
wonju:13193045,clinic_2025-11-25,강원특별자치도 원주시_의원 정보_20251125.csv,2025-11-25,281,샤인치과의원,강원특별자치도 원주시 봉화로 27 (단계동),033-744-7525,의원,phone_exact,1.0000,2026-07-15T23:14:40+09:00
wonju:13193083,clinic_2025-11-25,강원특별자치도 원주시_의원 정보_20251125.csv,2025-11-25,282,은행나무치과의원,강원특별자치도 원주시 남원로 671 (명륜동),033-761-7754,의원,phone_exact,1.0000,2026-07-15T23:14:40+09:00
wonju:13192752,clinic_2025-11-25,강원특별자치도 원주시_의원 정보_20251125.csv,2025-11-25,283,영광의원,강원특별자치도 원주시 우산초교길 22 (우산동),033-731-1212,의원,phone_exact,1.0000,2026-07-15T23:14:40+09:00
wonju:13192753,clinic_2025-11-25,강원특별자치도 원주시_의원 정보_20251125.csv,2025-11-25,284,김정권내과의원,"강원특별자치도 원주시 중평길 12, 2층 (중앙동, 동남타워)",033-748-9798,의원,phone_exact,1.0000,2026-07-15T23:14:40+09:00
wonju:13192754,clinic_2025-11-25,강원특별자치도 원주시_의원 정보_20251125.csv,2025-11-25,285,푸른솔의원,"강원특별자치도 원주시 천사로 50, 2층 (단계동)",033-747-8259,의원,phone_exact,1.0000,2026-07-15T23:14:40+09:00
wonju:13192930,clinic_2025-11-25,강원특별자치도 원주시_의원 정보_20251125.csv,2025-11-25,286,원주가온한의원,"강원특별자치도 원주시 서원대로 380, 3층 (단구동, 동보노빌리티타워)",033-900-0121,의원,phone_exact,1.0000,2026-07-15T23:14:40+09:00
wonju:13192755,clinic_2025-11-25,강원특별자치도 원주시_의원 정보_20251125.csv,2025-11-25,287,우리아이소아청소년과의원,"강원특별자치도 원주시 단구로 388, 2층 (단구동)",033-761-2755,의원,phone_exact,1.0000,2026-07-15T23:14:40+09:00
wonju:13192756,clinic_2025-11-25,강원특별자치도 원주시_의원 정보_20251125.csv,2025-11-25,288,정웅교비뇨기과의원,강원특별자치도 원주시 원일로 106 (중앙동),033-735-6622,의원,phone_exact,1.0000,2026-07-15T23:14:40+09:00
wonju:13192757,clinic_2025-11-25,강원특별자치도 원주시_의원 정보_20251125.csv,2025-11-25,289,우리들성형외과의원,"강원특별자치도 원주시 서원대로 184, 4층 (단계동)",033-731-9551,의원,phone_exact,1.0000,2026-07-15T23:14:40+09:00
wonju:13192931,clinic_2025-11-25,강원특별자치도 원주시_의원 정보_20251125.csv,2025-11-25,290,아침한의원,"강원특별자치도 원주시 남원로 528, 1층 (단구동, kt링커스건물)",033-744-4034,의원,phone_exact,1.0000,2026-07-15T23:14:40+09:00
wonju:13192932,clinic_2025-11-25,강원특별자치도 원주시_의원 정보_20251125.csv,2025-11-25,291,계수나무한의원,강원특별자치도 원주시 치악로 1482 (단구동),033-765-1075,의원,phone_exact,1.0000,2026-07-15T23:14:40+09:00
wonju:13192758,clinic_2025-11-25,강원특별자치도 원주시_의원 정보_20251125.csv,2025-11-25,292,연세그린내과의원,"강원특별자치도 원주시 원문로 106, 3층 (단계동, 선암빌딩)",033-746-1723,의원,phone_exact,1.0000,2026-07-15T23:14:40+09:00
wonju:13193046,clinic_2025-11-25,강원특별자치도 원주시_의원 정보_20251125.csv,2025-11-25,293,화이트e치과의원,"강원특별자치도 원주시 서원대로 502, 203,204호 (단구동, 골드프라자)",033-764-2804,의원,phone_exact,1.0000,2026-07-15T23:14:40+09:00
wonju:13192858,clinic_2025-11-25,강원특별자치도 원주시_의원 정보_20251125.csv,2025-11-25,294,연세플러스비뇨의학과의원,"강원특별자치도 원주시 원일로115번길 12, 7층 (일산동)",033-744-6875,의원,phone_exact,1.0000,2026-07-15T23:14:40+09:00
wonju:13192759,clinic_2025-11-25,강원특별자치도 원주시_의원 정보_20251125.csv,2025-11-25,295,누가이비인후과의원,"강원특별자치도 원주시 서원대로 396, 310호 (단구동, 스타월드프라자)",033-765-5075,의원,phone_exact,1.0000,2026-07-15T23:14:40+09:00
wonju:13193047,clinic_2025-11-25,강원특별자치도 원주시_의원 정보_20251125.csv,2025-11-25,296,화성치과의원,강원특별자치도 원주시 치악로 1845 (인동),033-765-2875,의원,phone_exact,1.0000,2026-07-15T23:14:40+09:00
wonju:13192933,clinic_2025-11-25,강원특별자치도 원주시_의원 정보_20251125.csv,2025-11-25,297,김희성한의원,"강원특별자치도 원주시 능라동길 3, 304호 (무실동)",033-747-1875,의원,phone_exact,1.0000,2026-07-15T23:14:40+09:00
wonju:13192934,clinic_2025-11-25,강원특별자치도 원주시_의원 정보_20251125.csv,2025-11-25,298,어진한의원,강원특별자치도 원주시 시청로 555 (관설동),033-764-3999,의원,phone_exact,1.0000,2026-07-15T23:14:40+09:00
wonju:13192760,clinic_2025-11-25,강원특별자치도 원주시_의원 정보_20251125.csv,2025-11-25,299,원주교도소부속의원,강원특별자치도 원주시 북원로 2155 (무실동),033-741-4875,의원,name_address_exact,1.0000,2026-07-15T23:14:40+09:00
wonju:13192761,clinic_2025-11-25,강원특별자치도 원주시_의원 정보_20251125.csv,2025-11-25,300,한양정태열의원,"강원특별자치도 원주시 태장둔치길 55, 3층 (태장동)",033-748-7582,의원,phone_exact,1.0000,2026-07-15T23:14:40+09:00
wonju:13193048,clinic_2025-11-25,강원특별자치도 원주시_의원 정보_20251125.csv,2025-11-25,301,한빛치과의원,"강원특별자치도 원주시 서원대로 396, 3층 (단구동, 스타월드)",033-766-3875,의원,phone_exact,1.0000,2026-07-15T23:14:40+09:00
wonju:13192935,clinic_2025-11-25,강원특별자치도 원주시_의원 정보_20251125.csv,2025-11-25,302,모아한의원,강원특별자치도 원주시 원일로 63 (원동),033-765-7533,의원,phone_exact,1.0000,2026-07-15T23:14:40+09:00
wonju:13192762,clinic_2025-11-25,강원특별자치도 원주시_의원 정보_20251125.csv,2025-11-25,303,신희경산부인과의원,"강원특별자치도 원주시 서원대로 158, 2층 (단계동)",033-735-0755,의원,phone_exact,1.0000,2026-07-15T23:14:40+09:00
wonju:13193049,clinic_2025-11-25,강원특별자치도 원주시_의원 정보_20251125.csv,2025-11-25,304,서울수치과의원,"강원특별자치도 원주시 혁신로 53, 5층 504호 (반곡동)",033-748-7528,의원,phone_exact,1.0000,2026-07-15T23:14:40+09:00
wonju:13193051,clinic_2025-11-25,강원특별자치도 원주시_의원 정보_20251125.csv,2025-11-25,305,예스치과의원,강원특별자치도 원주시 원일로 93 (일산동),033-744-2725,의원,phone_exact,1.0000,2026-07-15T23:14:40+09:00
wonju:13193050,clinic_2025-11-25,강원특별자치도 원주시_의원 정보_20251125.csv,2025-11-25,306,원주교도소부속치과의원,강원특별자치도 원주시 북원로 2155 (무실동),033-741-4875,의원,name_address_exact,1.0000,2026-07-15T23:14:40+09:00
wonju:13192763,clinic_2025-11-25,강원특별자치도 원주시_의원 정보_20251125.csv,2025-11-25,307,연세고운맘소아청소년과의원,"강원특별자치도 원주시 시청로 86, 203호 (무실동, 부영골든빌)",033-742-9515,의원,phone_exact,1.0000,2026-07-15T23:14:40+09:00
wonju:13192764,clinic_2025-11-25,강원특별자치도 원주시_의원 정보_20251125.csv,2025-11-25,308,드림연세안과의원,"강원특별자치도 원주시 원일로 120, 2층 (중앙동)",033-742-0101,의원,phone_exact,1.0000,2026-07-15T23:14:40+09:00
wonju:13192936,clinic_2025-11-25,강원특별자치도 원주시_의원 정보_20251125.csv,2025-11-25,309,경희 해맑은한의원,"강원특별자치도 원주시 시청로 98, 2층 (무실동)",033-744-1075,의원,phone_exact,1.0000,2026-07-15T23:14:40+09:00
wonju:13192937,clinic_2025-11-25,강원특별자치도 원주시_의원 정보_20251125.csv,2025-11-25,310,흥업한의원,강원특별자치도 원주시 흥업면 남원로 67,033-762-6527,의원,phone_exact,1.0000,2026-07-15T23:14:40+09:00
wonju:13192938,clinic_2025-11-25,강원특별자치도 원주시_의원 정보_20251125.csv,2025-11-25,311,인덕한의원,"강원특별자치도 원주시 남원로 589, 1층 (명륜동)",033-766-9966,의원,phone_exact,1.0000,2026-07-15T23:14:41+09:00
wonju:13192939,clinic_2025-11-25,강원특별자치도 원주시_의원 정보_20251125.csv,2025-11-25,312,강남한의원,"강원특별자치도 원주시 남원로 441-2, 1층 (명륜동)",033-762-1275,의원,phone_exact,1.0000,2026-07-15T23:14:41+09:00
wonju:13192765,clinic_2025-11-25,강원특별자치도 원주시_의원 정보_20251125.csv,2025-11-25,313,앨리스의원,"강원특별자치도 원주시 치악로 1786, 3층 (개운동, 양문 153빌딩)",033-762-2007,의원,phone_exact,1.0000,2026-07-15T23:14:41+09:00
wonju:13192766,clinic_2025-11-25,강원특별자치도 원주시_의원 정보_20251125.csv,2025-11-25,314,제일의원,"강원특별자치도 원주시 중앙로 75, 1호 (중앙동)",033-746-3344,의원,phone_exact,1.0000,2026-07-15T23:14:41+09:00
wonju:13192767,clinic_2025-11-25,강원특별자치도 원주시_의원 정보_20251125.csv,2025-11-25,315,정내과의원,"강원특별자치도 원주시 단구로 353, 3층 (단구동)",033-761-0822,의원,phone_exact,1.0000,2026-07-15T23:14:41+09:00
wonju:13192768,clinic_2025-11-25,강원특별자치도 원주시_의원 정보_20251125.csv,2025-11-25,316,서울이내과의원,"강원특별자치도 원주시 서원대로 410, 401~403호 (단구동, 한솔프라자)",033-763-1300,의원,phone_exact,1.0000,2026-07-15T23:14:41+09:00
wonju:13193052,clinic_2025-11-25,강원특별자치도 원주시_의원 정보_20251125.csv,2025-11-25,317,연우치과의원,"강원특별자치도 원주시 무실로12번길 24, 2층 (일산동)",033-748-2875,의원,phone_exact,1.0000,2026-07-15T23:14:41+09:00
wonju:13192769,clinic_2025-11-25,강원특별자치도 원주시_의원 정보_20251125.csv,2025-11-25,318,미드림의원,"강원특별자치도 원주시 서원대로 165, 3층 (단계동, 대호빌딩)",033-746-4222,의원,phone_exact,1.0000,2026-07-15T23:14:41+09:00
wonju:13192940,clinic_2025-11-25,강원특별자치도 원주시_의원 정보_20251125.csv,2025-11-25,319,권한의원,"강원특별자치도 원주시 치악로 1521, 2층 (관설동, 고려빌딩)",033-765-7657,의원,phone_exact,1.0000,2026-07-15T23:14:41+09:00
wonju:13192770,clinic_2025-11-25,강원특별자치도 원주시_의원 정보_20251125.csv,2025-11-25,320,김영석이비인후과의원,강원특별자치도 원주시 원문로 116 (단계동),033-744-5075,의원,phone_exact,1.0000,2026-07-15T23:14:41+09:00
wonju:13192771,clinic_2025-11-25,강원특별자치도 원주시_의원 정보_20251125.csv,2025-11-25,321,닥터스킨피부과의원,"강원특별자치도 원주시 서원대로 406, 3층 (단구동, 리더스타워)",033-744-7007,의원,phone_exact,1.0000,2026-07-15T23:14:41+09:00
wonju:13192772,clinic_2025-11-25,강원특별자치도 원주시_의원 정보_20251125.csv,2025-11-25,322,원주연세의원,"강원특별자치도 원주시 흥업면 남원로 57, 2층",033-766-7881,의원,phone_exact,1.0000,2026-07-15T23:14:41+09:00
wonju:13192941,clinic_2025-11-25,강원특별자치도 원주시_의원 정보_20251125.csv,2025-11-25,323,양상묵한의원,강원특별자치도 원주시 남원로 528-13 (단구동),033-766-3999,의원,phone_exact,1.0000,2026-07-15T23:14:41+09:00
wonju:13192773,clinic_2025-11-25,강원특별자치도 원주시_의원 정보_20251125.csv,2025-11-25,324,우리안과의원,"강원특별자치도 원주시 시청로 31, 2~5층 601, 608~612호 (무실동)",033-746-0212,의원,phone_exact,1.0000,2026-07-15T23:14:41+09:00
wonju:13192942,clinic_2025-11-25,강원특별자치도 원주시_의원 정보_20251125.csv,2025-11-25,325,지선당한의원,"강원특별자치도 원주시 능라동길 51, 517, 518호 (무실동)",033-748-1075,의원,phone_exact,1.0000,2026-07-15T23:14:41+09:00
wonju:13192943,clinic_2025-11-25,강원특별자치도 원주시_의원 정보_20251125.csv,2025-11-25,326,예인한의원,강원특별자치도 원주시 단관길 129 (관설동),033-763-3555,의원,phone_exact,1.0000,2026-07-15T23:14:41+09:00
wonju:13192774,clinic_2025-11-25,강원특별자치도 원주시_의원 정보_20251125.csv,2025-11-25,327,효성신경외과의원,강원특별자치도 원주시 서원대로 509 (단구동),033-761-7582,의원,phone_exact,1.0000,2026-07-15T23:14:41+09:00
wonju:13192775,clinic_2025-11-25,강원특별자치도 원주시_의원 정보_20251125.csv,2025-11-25,328,이건내과의원,"강원특별자치도 원주시 시청로 84, 203호 (무실동, 애드피아상가)",033-747-8275,의원,phone_exact,1.0000,2026-07-15T23:14:41+09:00
wonju:13192776,clinic_2025-11-25,강원특별자치도 원주시_의원 정보_20251125.csv,2025-11-25,329,도홍림이비인후과의원,"강원특별자치도 원주시 원일로115번길 12, 6층 (일산동)",033-734-7522,의원,phone_exact,1.0000,2026-07-15T23:14:41+09:00
wonju:13192777,clinic_2025-11-25,강원특별자치도 원주시_의원 정보_20251125.csv,2025-11-25,330,천정학내과의원,"강원특별자치도 원주시 남원로 528-11, 3층 (단구동, 광덕빌딩)",033-766-7588,의원,phone_exact,1.0000,2026-07-15T23:14:41+09:00
wonju:13192778,clinic_2025-11-25,강원특별자치도 원주시_의원 정보_20251125.csv,2025-11-25,331,이상봉비뇨기과의원,"강원특별자치도 원주시 남원로 671, 2층,5층 (명륜동)",033-761-3939,의원,phone_exact,1.0000,2026-07-15T23:14:41+09:00
wonju:13192779,clinic_2025-11-25,강원특별자치도 원주시_의원 정보_20251125.csv,2025-11-25,332,연세준내과의원,강원특별자치도 원주시 서원대로 162 (단계동),033-733-7711,의원,phone_exact,1.0000,2026-07-15T23:14:41+09:00
wonju:13192780,clinic_2025-11-25,강원특별자치도 원주시_의원 정보_20251125.csv,2025-11-25,333,엄재동정형외과의원,"강원특별자치도 원주시 남원로534번길 10, 3층 (단구동)",033-763-7077,의원,phone_exact,1.0000,2026-07-15T23:14:41+09:00
wonju:13192944,clinic_2025-11-25,강원특별자치도 원주시_의원 정보_20251125.csv,2025-11-25,334,평강한의원,"강원특별자치도 원주시 원일로115번길 5, 2층 (일산동)",033-732-5551,의원,phone_exact,1.0000,2026-07-15T23:14:41+09:00
wonju:13192781,clinic_2025-11-25,강원특별자치도 원주시_의원 정보_20251125.csv,2025-11-25,335,한빛이비인후과의원,강원특별자치도 원주시 시청로 36 (무실동),033-761-5002,의원,name_address_exact,1.0000,2026-07-15T23:14:41+09:00
wonju:13192782,clinic_2025-11-25,강원특별자치도 원주시_의원 정보_20251125.csv,2025-11-25,336,우리가정의원,"강원특별자치도 원주시 나비허리길 169, 2층 (관설동)",033-766-1177,의원,phone_exact,1.0000,2026-07-15T23:14:41+09:00
wonju:13192783,clinic_2025-11-25,강원특별자치도 원주시_의원 정보_20251125.csv,2025-11-25,337,고려외과의원,강원특별자치도 원주시 원문로 107-8 (단계동),033-744-2727,의원,phone_exact,1.0000,2026-07-15T23:14:41+09:00
wonju:13192784,clinic_2025-11-25,강원특별자치도 원주시_의원 정보_20251125.csv,2025-11-25,338,조남천항맥외과의원,강원특별자치도 원주시 서원대로 180 (단계동),033-745-5678,의원,phone_exact,1.0000,2026-07-15T23:14:41+09:00
wonju:13192785,clinic_2025-11-25,강원특별자치도 원주시_의원 정보_20251125.csv,2025-11-25,339,늘푸른의원,"강원특별자치도 원주시 치악로 1648, 2층 (단구동)",033-765-7579,의원,phone_exact,1.0000,2026-07-15T23:14:41+09:00
wonju:13193053,clinic_2025-11-25,강원특별자치도 원주시_의원 정보_20251125.csv,2025-11-25,340,참좋은치과의원,"강원특별자치도 원주시 천사로 38, 2층 (단계동, 선제빌딩)",033-746-2817,의원,phone_exact,1.0000,2026-07-15T23:14:41+09:00
wonju:13192945,clinic_2025-11-25,강원특별자치도 원주시_의원 정보_20251125.csv,2025-11-25,341,동의보감한의원,강원특별자치도 원주시 원일로 82-3 (중앙동),033-731-1775,의원,phone_exact,1.0000,2026-07-15T23:14:41+09:00
wonju:13193054,clinic_2025-11-25,강원특별자치도 원주시_의원 정보_20251125.csv,2025-11-25,342,이앤이치과의원,"강원특별자치도 원주시 남원로 528-11, 2층 (단구동, 광덕빌딩)",033-766-0428,의원,phone_exact,1.0000,2026-07-15T23:14:41+09:00
wonju:13192786,clinic_2025-11-25,강원특별자치도 원주시_의원 정보_20251125.csv,2025-11-25,343,한빛소아청소년과의원,강원특별자치도 원주시 태장둔치길 41-1 (태장동),033-743-3388,의원,phone_exact,1.0000,2026-07-15T23:14:41+09:00
wonju:13192787,clinic_2025-11-25,강원특별자치도 원주시_의원 정보_20251125.csv,2025-11-25,344,창문외과의원,"강원특별자치도 원주시 이화6길 1, 3층 (단계동)",033-743-4567,의원,phone_exact,1.0000,2026-07-15T23:14:41+09:00
wonju:13193055,clinic_2025-11-25,강원특별자치도 원주시_의원 정보_20251125.csv,2025-11-25,345,바른길치과의원,강원특별자치도 원주시 북원로 2489 (우산동),033-743-2820,의원,phone_exact,1.0000,2026-07-15T23:14:41+09:00
wonju:13193056,clinic_2025-11-25,강원특별자치도 원주시_의원 정보_20251125.csv,2025-11-25,346,본치과의원,"강원특별자치도 원주시 일산로 61, 4층 (원동)",033-744-7414,의원,phone_exact,1.0000,2026-07-15T23:14:41+09:00
wonju:13192946,clinic_2025-11-25,강원특별자치도 원주시_의원 정보_20251125.csv,2025-11-25,347,토지한의원,"강원특별자치도 원주시 단구로 397, 1층 (단구동)",033-735-7515,의원,phone_exact,1.0000,2026-07-15T23:14:41+09:00
wonju:13192788,clinic_2025-11-25,강원특별자치도 원주시_의원 정보_20251125.csv,2025-11-25,348,신림연세의원,"강원특별자치도 원주시 신림면 치악로 9, 2층",033-763-3600,의원,phone_exact,1.0000,2026-07-15T23:14:41+09:00
wonju:13192947,clinic_2025-11-25,강원특별자치도 원주시_의원 정보_20251125.csv,2025-11-25,349,승산한의원,"강원특별자치도 원주시 예술관길 4, 2층 (명륜동)",033-766-0815,의원,phone_exact,1.0000,2026-07-15T23:14:41+09:00
wonju:13192789,clinic_2025-11-25,강원특별자치도 원주시_의원 정보_20251125.csv,2025-11-25,350,태장고려의원,강원특별자치도 원주시 치악로 2031 (태장동),033-748-7570,의원,phone_exact,1.0000,2026-07-15T23:14:41+09:00
wonju:13192972,clinic_2025-11-25,강원특별자치도 원주시_의원 정보_20251125.csv,2025-11-25,351,서상원한의원,"강원특별자치도 원주시 서원대로 408, 광장빌딩 202호 (단구동)",033-901-0233,의원,phone_exact,1.0000,2026-07-15T23:14:41+09:00
wonju:13192948,clinic_2025-11-25,강원특별자치도 원주시_의원 정보_20251125.csv,2025-11-25,352,다정한의원,강원특별자치도 원주시 중앙로 40 (중앙동),033-735-7525,의원,phone_exact,1.0000,2026-07-15T23:14:41+09:00
wonju:13192790,clinic_2025-11-25,강원특별자치도 원주시_의원 정보_20251125.csv,2025-11-25,353,연희영상의학과의원,"강원특별자치도 원주시 북원로 2235-6, 4층 (단계동, 남원주타워)",033-735-7570,의원,phone_exact,1.0000,2026-07-15T23:14:41+09:00
wonju:13192791,clinic_2025-11-25,강원특별자치도 원주시_의원 정보_20251125.csv,2025-11-25,354,이용규내과의원,"강원특별자치도 원주시 무실로 178, 2층 (단계동, 원예농협하나로클럽)",033-731-7582,의원,phone_exact,1.0000,2026-07-15T23:14:41+09:00
wonju:13192792,clinic_2025-11-25,강원특별자치도 원주시_의원 정보_20251125.csv,2025-11-25,355,연세안과의원,"강원특별자치도 원주시 원일로 119, 2층 (일산동)",033-731-0505,의원,phone_exact,1.0000,2026-07-15T23:14:41+09:00
wonju:13192793,clinic_2025-11-25,강원특별자치도 원주시_의원 정보_20251125.csv,2025-11-25,356,조은가정의원,강원특별자치도 원주시 태장둔치길 41 (태장동),033-745-7734,의원,phone_exact,1.0000,2026-07-15T23:14:41+09:00
wonju:13193057,clinic_2025-11-25,강원특별자치도 원주시_의원 정보_20251125.csv,2025-11-25,357,단계뿌리깊은치과의원,강원특별자치도 원주시 서원대로 165 (단계동),033-743-4025,의원,phone_exact,1.0000,2026-07-15T23:14:41+09:00
wonju:13192949,clinic_2025-11-25,강원특별자치도 원주시_의원 정보_20251125.csv,2025-11-25,358,한초당한의원,강원특별자치도 원주시 평원로 61 (중앙동),033-732-2965,의원,phone_exact,1.0000,2026-07-15T23:14:41+09:00
wonju:13192794,clinic_2025-11-25,강원특별자치도 원주시_의원 정보_20251125.csv,2025-11-25,359,김동우외과의원,강원특별자치도 원주시 문막읍 왕건로 81 (동화빌딩),033-734-0061,의원,phone_exact,1.0000,2026-07-15T23:14:41+09:00
wonju:13192795,clinic_2025-11-25,강원특별자치도 원주시_의원 정보_20251125.csv,2025-11-25,360,윤장운마취통증의학과의원,"강원특별자치도 원주시 중앙로 86, 5층 (중앙동, 세븐스타빌딩)",033-747-0094,의원,phone_exact,1.0000,2026-07-15T23:14:41+09:00
wonju:13192796,clinic_2025-11-25,강원특별자치도 원주시_의원 정보_20251125.csv,2025-11-25,361,최원규소아청소년과의원,강원특별자치도 원주시 원일로115번길 5 (일산동),033-734-9595,의원,phone_exact,1.0000,2026-07-15T23:14:41+09:00
wonju:13192797,clinic_2025-11-25,강원특별자치도 원주시_의원 정보_20251125.csv,2025-11-25,362,우리들소아청소년과의원,강원특별자치도 원주시 감영길 11 (일산동),033-747-0202,의원,phone_exact,1.0000,2026-07-15T23:14:41+09:00
wonju:13192798,clinic_2025-11-25,강원특별자치도 원주시_의원 정보_20251125.csv,2025-11-25,363,홍&권이비인후과의원,"강원특별자치도 원주시 중앙로 105, 2층,3층 (중앙동)",033-735-7707,의원,phone_exact,1.0000,2026-07-15T23:14:41+09:00
wonju:13192950,clinic_2025-11-25,강원특별자치도 원주시_의원 정보_20251125.csv,2025-11-25,364,상지명인한의원,강원특별자치도 원주시 무실로 64 (일산동),033-731-1075,의원,phone_exact,1.0000,2026-07-15T23:14:41+09:00
wonju:13192951,clinic_2025-11-25,강원특별자치도 원주시_의원 정보_20251125.csv,2025-11-25,365,맑은숲 한의원,"강원특별자치도 원주시 시청로 72, 205호 (무실동, 애드피아 3차)",033-743-8575,의원,phone_exact,1.0000,2026-07-15T23:14:41+09:00
wonju:13192799,clinic_2025-11-25,강원특별자치도 원주시_의원 정보_20251125.csv,2025-11-25,366,스마일연세의원,"강원특별자치도 원주시 서원대로 502, 2층 (단구동, 골드프라자)",033-744-0411,의원,phone_exact,1.0000,2026-07-15T23:14:41+09:00
wonju:13192800,clinic_2025-11-25,강원특별자치도 원주시_의원 정보_20251125.csv,2025-11-25,367,이형준내과의원,"강원특별자치도 원주시 원일로 120, 3층 302호 (중앙동, 중앙빌딩)",033-732-7575,의원,phone_exact,1.0000,2026-07-15T23:14:41+09:00
wonju:13192801,clinic_2025-11-25,강원특별자치도 원주시_의원 정보_20251125.csv,2025-11-25,368,21세기소아청소년과의원,강원특별자치도 원주시 봉화로 27 (단계동),033-745-0815,의원,phone_exact,1.0000,2026-07-15T23:14:41+09:00
wonju:13192802,clinic_2025-11-25,강원특별자치도 원주시_의원 정보_20251125.csv,2025-11-25,369,미즈산부인과의원,강원특별자치도 원주시 이화6길 1 (단계동),033-733-6100,의원,phone_exact,1.0000,2026-07-15T23:14:41+09:00
wonju:13192952,clinic_2025-11-25,강원특별자치도 원주시_의원 정보_20251125.csv,2025-11-25,370,세진한의원,강원특별자치도 원주시 남원로 592 (명륜동),033-761-3116,의원,phone_exact,1.0000,2026-07-15T23:14:41+09:00
wonju:13192803,clinic_2025-11-25,강원특별자치도 원주시_의원 정보_20251125.csv,2025-11-25,371,미래산부인과의원,강원특별자치도 원주시 단구로 183 (명륜동),033-766-8008,의원,phone_exact,1.0000,2026-07-15T23:14:41+09:00
wonju:13192953,clinic_2025-11-25,강원특별자치도 원주시_의원 정보_20251125.csv,2025-11-25,372,고려한의원,강원특별자치도 원주시 남원로 656 (명륜동),033-766-8212,의원,phone_exact,1.0000,2026-07-15T23:14:41+09:00
wonju:13192804,clinic_2025-11-25,강원특별자치도 원주시_의원 정보_20251125.csv,2025-11-25,373,최동익성형외과의원,"강원특별자치도 원주시 서원대로 396, 3층 301호 (단구동)",033-744-3737,의원,phone_exact,1.0000,2026-07-15T23:14:41+09:00
wonju:13192954,clinic_2025-11-25,강원특별자치도 원주시_의원 정보_20251125.csv,2025-11-25,374,내몸사랑한의원,"강원특별자치도 원주시 로아노크로 74, 세이브타워 401호 (무실동)",033-731-9995,의원,phone_exact,1.0000,2026-07-15T23:14:41+09:00
wonju:13192955,clinic_2025-11-25,강원특별자치도 원주시_의원 정보_20251125.csv,2025-11-25,375,만나한의원,"강원특별자치도 원주시 무실로 177, 2층 (명륜동)",033-763-1075,의원,phone_exact,1.0000,2026-07-15T23:14:41+09:00
wonju:13192956,clinic_2025-11-25,강원특별자치도 원주시_의원 정보_20251125.csv,2025-11-25,376,동강한의원,강원특별자치도 원주시 한지공원길 2 (명륜동),033-766-8555,의원,phone_exact,1.0000,2026-07-15T23:14:41+09:00
wonju:13193058,clinic_2025-11-25,강원특별자치도 원주시_의원 정보_20251125.csv,2025-11-25,377,하나치과의원,강원특별자치도 원주시 무실로 164 (단계동),033-745-2875,의원,phone_exact,1.0000,2026-07-15T23:14:41+09:00
wonju:13193059,clinic_2025-11-25,강원특별자치도 원주시_의원 정보_20251125.csv,2025-11-25,378,리더스치과의원,강원특별자치도 원주시 봉화로 65 (단계동),033-742-2025,의원,phone_exact,1.0000,2026-07-15T23:14:41+09:00
wonju:13192957,clinic_2025-11-25,강원특별자치도 원주시_의원 정보_20251125.csv,2025-11-25,379,광동한의원,강원특별자치도 원주시 치악로 1793 (개운동),033-766-3900,의원,phone_exact,1.0000,2026-07-15T23:14:41+09:00
wonju:13192958,clinic_2025-11-25,강원특별자치도 원주시_의원 정보_20251125.csv,2025-11-25,380,은행나무한의원,강원특별자치도 원주시 문막읍 원문로 1883,033-743-8297,의원,phone_exact,1.0000,2026-07-15T23:14:41+09:00
wonju:13192805,clinic_2025-11-25,강원특별자치도 원주시_의원 정보_20251125.csv,2025-11-25,381,만종의원,강원특별자치도 원주시 호저면 사제로 596 (원주운전면허시험장),033-747-8544,의원,phone_exact,1.0000,2026-07-15T23:14:41+09:00
wonju:13192806,clinic_2025-11-25,강원특별자치도 원주시_의원 정보_20251125.csv,2025-11-25,382,원주영상의학과의원,"강원특별자치도 원주시 능라동길 61, 정한빌딩 607~608호 (무실동)",033-764-9700,의원,phone_exact,1.0000,2026-07-15T23:14:41+09:00
wonju:13192959,clinic_2025-11-25,강원특별자치도 원주시_의원 정보_20251125.csv,2025-11-25,383,대흥한의원,강원특별자치도 원주시 원문로 186 (단계동),033-731-8275,의원,phone_exact,1.0000,2026-07-15T23:14:41+09:00
wonju:13192807,clinic_2025-11-25,강원특별자치도 원주시_의원 정보_20251125.csv,2025-11-25,384,예사랑산부인과의원,"강원특별자치도 원주시 원일로 120, 6층 (중앙동, 중앙빌딩)",033-764-3333,의원,phone_exact,1.0000,2026-07-15T23:14:41+09:00
wonju:13192808,clinic_2025-11-25,강원특별자치도 원주시_의원 정보_20251125.csv,2025-11-25,385,연세민내과의원,"강원특별자치도 원주시 중앙로 86, 4층 (중앙동, 세븐스타빌딩)",033-733-7582,의원,phone_exact,1.0000,2026-07-15T23:14:41+09:00
wonju:13192960,clinic_2025-11-25,강원특별자치도 원주시_의원 정보_20251125.csv,2025-11-25,386,거북이한의원,강원특별자치도 원주시 소초면 장막1길 15,033-748-3322,의원,phone_exact,1.0000,2026-07-15T23:14:41+09:00
wonju:13193060,clinic_2025-11-25,강원특별자치도 원주시_의원 정보_20251125.csv,2025-11-25,387,세한치과의원,"강원특별자치도 원주시 문막읍 문막시장1길 27, 3층",033-735-2875,의원,phone_exact,1.0000,2026-07-15T23:14:41+09:00
wonju:13192809,clinic_2025-11-25,강원특별자치도 원주시_의원 정보_20251125.csv,2025-11-25,388,손안과의원,"강원특별자치도 원주시 서원대로 170, 재영빌딩 6층 (단계동)",033-764-6494,의원,phone_exact,1.0000,2026-07-15T23:14:41+09:00
wonju:13192810,clinic_2025-11-25,강원특별자치도 원주시_의원 정보_20251125.csv,2025-11-25,389,이하우신경외과의원,강원특별자치도 원주시 치악로 1864 (봉산동),033-745-3686,의원,phone_exact,1.0000,2026-07-15T23:14:41+09:00
wonju:13192811,clinic_2025-11-25,강원특별자치도 원주시_의원 정보_20251125.csv,2025-11-25,390,송내과의원,"강원특별자치도 원주시 원일로115번길 5, 4층 (일산동, 홍제빌딩)",033-746-2100,의원,phone_exact,1.0000,2026-07-15T23:14:41+09:00
wonju:13192812,clinic_2025-11-25,강원특별자치도 원주시_의원 정보_20251125.csv,2025-11-25,391,연세봄산부인과의원,강원특별자치도 원주시 시청로 98 (무실동),033-745-5600,의원,phone_exact,1.0000,2026-07-15T23:14:41+09:00
wonju:13192813,clinic_2025-11-25,강원특별자치도 원주시_의원 정보_20251125.csv,2025-11-25,392,손경수내과의원,"강원특별자치도 원주시 남원로 665, 1층일부,2,3,4층 (명륜동)",033-763-8252,의원,phone_exact,1.0000,2026-07-15T23:14:41+09:00
public:824c56bcb6d1960f,clinic_2025-11-25,강원특별자치도 원주시_의원 정보_20251125.csv,2025-11-25,393,판대보건진료소,강원특별자치도 원주시 지정면 장지길 2,033-732-5731,의원,new_source_provided,1.0000,2026-07-15T23:14:41+09:00
wonju:13192961,clinic_2025-11-25,강원특별자치도 원주시_의원 정보_20251125.csv,2025-11-25,394,중국한의원,"강원특별자치도 원주시 치악로 1657-1, 1~2층 (단구동)",033-761-0982,의원,phone_exact,1.0000,2026-07-15T23:14:41+09:00
wonju:13192962,clinic_2025-11-25,강원특별자치도 원주시_의원 정보_20251125.csv,2025-11-25,395,혜명한의원,강원특별자치도 원주시 원일로 12 (인동),033-764-0660,의원,phone_exact,1.0000,2026-07-15T23:14:41+09:00
wonju:13192814,clinic_2025-11-25,강원특별자치도 원주시_의원 정보_20251125.csv,2025-11-25,396,서울내과의원,강원특별자치도 원주시 장미공원길 43-2 (단계동),033-732-1344,의원,phone_exact,1.0000,2026-07-15T23:14:41+09:00
wonju:13192815,clinic_2025-11-25,강원특별자치도 원주시_의원 정보_20251125.csv,2025-11-25,397,연세피부과의원,"강원특별자치도 원주시 원일로 111, 2,3층 (일산동)",033-748-0480,의원,phone_exact,1.0000,2026-07-15T23:14:41+09:00
wonju:13192816,clinic_2025-11-25,강원특별자치도 원주시_의원 정보_20251125.csv,2025-11-25,398,연세참외과의원,"강원특별자치도 원주시 서원대로 392, 3층 (단구동)",033-764-0048,의원,phone_exact,1.0000,2026-07-15T23:14:41+09:00
wonju:13193061,clinic_2025-11-25,강원특별자치도 원주시_의원 정보_20251125.csv,2025-11-25,399,전치과의원,강원특별자치도 원주시 원일로 122-1 (중앙동),033-743-5752,의원,phone_exact,1.0000,2026-07-15T23:14:41+09:00
wonju:13193062,clinic_2025-11-25,강원특별자치도 원주시_의원 정보_20251125.csv,2025-11-25,400,튼튼치과의원,"강원특별자치도 원주시 단구로 412, 2층 (단구동, 세경상가)",033-748-3443,의원,phone_exact,1.0000,2026-07-15T23:14:41+09:00
wonju:13192817,clinic_2025-11-25,강원특별자치도 원주시_의원 정보_20251125.csv,2025-11-25,401,연규홍소아청소년과의원,"강원특별자치도 원주시 남원로534번길 26, 3층 (단구동, 중앙빌딩)",033-764-1808,의원,phone_exact,1.0000,2026-07-15T23:14:41+09:00
wonju:13192818,clinic_2025-11-25,강원특별자치도 원주시_의원 정보_20251125.csv,2025-11-25,402,송광선내과의원,강원특별자치도 원주시 문막읍 문막시장1길 14,033-734-2020,의원,phone_exact,1.0000,2026-07-15T23:14:41+09:00
wonju:13193063,clinic_2025-11-25,강원특별자치도 원주시_의원 정보_20251125.csv,2025-11-25,403,늘푸른치과의원,"강원특별자치도 원주시 흥양로51번길 1, 2층 (태장동, 원마트)",033-744-5363,의원,phone_exact,1.0000,2026-07-15T23:14:41+09:00
wonju:13192819,clinic_2025-11-25,강원특별자치도 원주시_의원 정보_20251125.csv,2025-11-25,404,연세본비뇨기과의원,"강원특별자치도 원주시 시청로 84, 3층 301호 (무실동, 애드피아)",033-746-5667,의원,phone_exact,1.0000,2026-07-15T23:14:41+09:00
wonju:13192820,clinic_2025-11-25,강원특별자치도 원주시_의원 정보_20251125.csv,2025-11-25,405,최해천성형외과의원,강원특별자치도 원주시 남원로 622 (개운동),033-765-7575,의원,phone_exact,1.0000,2026-07-15T23:14:41+09:00
wonju:13192963,clinic_2025-11-25,강원특별자치도 원주시_의원 정보_20251125.csv,2025-11-25,406,혜민한의원,강원특별자치도 원주시 단구로 78 (단계동),033-731-7967,의원,phone_exact,1.0000,2026-07-15T23:14:41+09:00
wonju:13192821,clinic_2025-11-25,강원특별자치도 원주시_의원 정보_20251125.csv,2025-11-25,407,이광훈내과의원,"강원특별자치도 원주시 평원로 76, 4,5층 (평원동)",033-746-5300,의원,phone_exact,1.0000,2026-07-15T23:14:41+09:00
wonju:13192822,clinic_2025-11-25,강원특별자치도 원주시_의원 정보_20251125.csv,2025-11-25,408,원의원,강원특별자치도 원주시 우산로 42 (우산동),033-744-8275,의원,phone_exact,1.0000,2026-07-15T23:14:41+09:00
wonju:13193064,clinic_2025-11-25,강원특별자치도 원주시_의원 정보_20251125.csv,2025-11-25,409,세브란스치과의원,강원특별자치도 원주시 원일로115번길 13 (일산동),033-748-2842,의원,phone_exact,1.0000,2026-07-15T23:14:41+09:00
wonju:13192964,clinic_2025-11-25,강원특별자치도 원주시_의원 정보_20251125.csv,2025-11-25,410,명성한의원,강원특별자치도 원주시 원문로 106 (단계동),033-746-5201,의원,phone_exact,1.0000,2026-07-15T23:14:41+09:00
wonju:13193065,clinic_2025-11-25,강원특별자치도 원주시_의원 정보_20251125.csv,2025-11-25,411,미소치과의원,"강원특별자치도 원주시 시청로 84, 3층 (무실동)",033-735-7538,의원,phone_exact,1.0000,2026-07-15T23:14:41+09:00
wonju:13192823,clinic_2025-11-25,강원특별자치도 원주시_의원 정보_20251125.csv,2025-11-25,412,이신경정신과의원,"강원특별자치도 원주시 원일로 114, 2층 (중앙동)",033-744-1142,의원,phone_exact,1.0000,2026-07-15T23:14:41+09:00
wonju:13192824,clinic_2025-11-25,강원특별자치도 원주시_의원 정보_20251125.csv,2025-11-25,413,이성우내과의원,강원특별자치도 원주시 평원로 54 (평원동),033-746-2888,의원,phone_exact,1.0000,2026-07-15T23:14:41+09:00
wonju:13192825,clinic_2025-11-25,강원특별자치도 원주시_의원 정보_20251125.csv,2025-11-25,414,김대균의원,"강원특별자치도 원주시 단구로 404, 2층 (단구동)",033-735-9201,의원,phone_exact,1.0000,2026-07-15T23:14:41+09:00
wonju:13193066,clinic_2025-11-25,강원특별자치도 원주시_의원 정보_20251125.csv,2025-11-25,415,탑치과의원,강원특별자치도 원주시 치악로 1786 (개운동),033-766-2875,의원,phone_exact,1.0000,2026-07-15T23:14:41+09:00
wonju:13193067,clinic_2025-11-25,강원특별자치도 원주시_의원 정보_20251125.csv,2025-11-25,416,오복치과의원,강원특별자치도 원주시 무실로 122 (원동),033-748-3214,의원,phone_exact,1.0000,2026-07-15T23:14:41+09:00
wonju:13192826,clinic_2025-11-25,강원특별자치도 원주시_의원 정보_20251125.csv,2025-11-25,417,함경종정형외과의원,강원특별자치도 원주시 평원로 52 (평원동),033-732-0700,의원,phone_exact,1.0000,2026-07-15T23:14:41+09:00
wonju:13193068,clinic_2025-11-25,강원특별자치도 원주시_의원 정보_20251125.csv,2025-11-25,418,상아치과의원,"강원특별자치도 원주시 서원대로 402, 3층 (단구동, 대신프라자)",033-763-3477,의원,phone_exact,1.0000,2026-07-15T23:14:41+09:00
wonju:13192827,clinic_2025-11-25,강원특별자치도 원주시_의원 정보_20251125.csv,2025-11-25,419,조안과의원,"강원특별자치도 원주시 원일로115번길 12, 2층 (일산동)",033-746-8005,의원,phone_exact,1.0000,2026-07-15T23:14:41+09:00
wonju:13192828,clinic_2025-11-25,강원특별자치도 원주시_의원 정보_20251125.csv,2025-11-25,420,강남영내과의원,"강원특별자치도 원주시 행구로 39, 2층 (개운동)",033-763-6390,의원,phone_exact,1.0000,2026-07-15T23:14:41+09:00
wonju:13193069,clinic_2025-11-25,강원특별자치도 원주시_의원 정보_20251125.csv,2025-11-25,421,부부치과의원,"강원특별자치도 원주시 중앙로 105, 5,6층 (중앙동)",033-745-1880,의원,phone_exact,1.0000,2026-07-15T23:14:41+09:00
wonju:13192829,clinic_2025-11-25,강원특별자치도 원주시_의원 정보_20251125.csv,2025-11-25,422,연세남부내과의원,"강원특별자치도 원주시 남원로 667, 2층 (명륜동)",033-763-2398,의원,phone_exact,1.0000,2026-07-15T23:14:41+09:00
wonju:13193070,clinic_2025-11-25,강원특별자치도 원주시_의원 정보_20251125.csv,2025-11-25,423,위치과의원,"강원특별자치도 원주시 원문로 106, 4층 (단계동, 선암빌딩)",033-748-4959,의원,phone_exact,1.0000,2026-07-15T23:14:41+09:00
wonju:13192965,clinic_2025-11-25,강원특별자치도 원주시_의원 정보_20251125.csv,2025-11-25,424,안흥한의원,강원특별자치도 원주시 북원로 2684 (태장동),033-748-3895,의원,phone_exact,1.0000,2026-07-15T23:14:41+09:00
wonju:13193071,clinic_2025-11-25,강원특별자치도 원주시_의원 정보_20251125.csv,2025-11-25,425,원일치과의원,"강원특별자치도 원주시 남원로534번길 14, 2층 (단구동)",033-764-2840,의원,phone_exact,1.0000,2026-07-15T23:14:41+09:00
wonju:13192830,clinic_2025-11-25,강원특별자치도 원주시_의원 정보_20251125.csv,2025-11-25,426,민영의원,강원특별자치도 원주시 북원로 2695 (가현동),033-732-9798,의원,phone_exact,1.0000,2026-07-15T23:14:41+09:00
wonju:13192831,clinic_2025-11-25,강원특별자치도 원주시_의원 정보_20251125.csv,2025-11-25,427,백태준성형외과의원,강원특별자치도 원주시 감영길 11 (일산동),033-735-7575,의원,phone_exact,1.0000,2026-07-15T23:14:41+09:00
wonju:13193072,clinic_2025-11-25,강원특별자치도 원주시_의원 정보_20251125.csv,2025-11-25,428,최영권치과의원,"강원특별자치도 원주시 무실로 8, 3층 (일산동, 명동프라자)",033-746-6585,의원,phone_exact,1.0000,2026-07-15T23:14:41+09:00
wonju:13192832,clinic_2025-11-25,강원특별자치도 원주시_의원 정보_20251125.csv,2025-11-25,429,고승연신경외과의원,강원특별자치도 원주시 남원로 548 (개운동),033-764-0625,의원,phone_exact,1.0000,2026-07-15T23:14:41+09:00
wonju:13193073,clinic_2025-11-25,강원특별자치도 원주시_의원 정보_20251125.csv,2025-11-25,430,북원치과의원,강원특별자치도 원주시 북원로 2698-1 (태장동),033-748-2584,의원,phone_exact,1.0000,2026-07-15T23:14:41+09:00
wonju:13193074,clinic_2025-11-25,강원특별자치도 원주시_의원 정보_20251125.csv,2025-11-25,431,하나로치과의원,"강원특별자치도 원주시 치악로 1527, 2층 (관설동, 판부하나로마트)",033-763-2872,의원,phone_exact,1.0000,2026-07-15T23:14:41+09:00
wonju:13192833,clinic_2025-11-25,강원특별자치도 원주시_의원 정보_20251125.csv,2025-11-25,432,고려가정의원,"강원특별자치도 원주시 예술관길 25 (명륜동, 명륜2차아파트)",033-763-3552,의원,phone_exact,1.0000,2026-07-15T23:14:41+09:00
wonju:13192966,clinic_2025-11-25,강원특별자치도 원주시_의원 정보_20251125.csv,2025-11-25,433,민제한의원,강원특별자치도 원주시 서원대로 402 (단구동),033-762-4414,의원,phone_exact,1.0000,2026-07-15T23:14:41+09:00
wonju:13192967,clinic_2025-11-25,강원특별자치도 원주시_의원 정보_20251125.csv,2025-11-25,434,중의한의원,강원특별자치도 원주시 중앙로 70 (중앙동),033-742-2038,의원,phone_exact,1.0000,2026-07-15T23:14:41+09:00
wonju:13193075,clinic_2025-11-25,강원특별자치도 원주시_의원 정보_20251125.csv,2025-11-25,435,황선달치과의원,강원특별자치도 원주시 원일로 114 (중앙동),033-731-2242,의원,phone_exact,1.0000,2026-07-15T23:14:41+09:00
wonju:13192834,clinic_2025-11-25,강원특별자치도 원주시_의원 정보_20251125.csv,2025-11-25,436,학교법인상지학원부설상지푸른의원,"강원특별자치도 원주시 상지대길 80, 상지대학교부속상지한방병원 (우산동)",033-741-9235,의원,phone_exact,1.0000,2026-07-15T23:14:41+09:00
wonju:13192835,clinic_2025-11-25,강원특별자치도 원주시_의원 정보_20251125.csv,2025-11-25,437,이진호이비인후과의원,강원특별자치도 원주시 원일로 93 (일산동),033-744-5015,의원,phone_exact,1.0000,2026-07-15T23:14:41+09:00
wonju:13192836,clinic_2025-11-25,강원특별자치도 원주시_의원 정보_20251125.csv,2025-11-25,438,오은경소아청소년과의원,"강원특별자치도 원주시 영랑길 14-2, 청연재빌딩 5층 502호 (행구동)",033-765-2027,의원,phone_exact,1.0000,2026-07-15T23:14:41+09:00
wonju:13192837,clinic_2025-11-25,강원특별자치도 원주시_의원 정보_20251125.csv,2025-11-25,439,김창동이비인후과의원,강원특별자치도 원주시 천사로 216 (중앙동),033-744-6864,의원,phone_exact,1.0000,2026-07-15T23:14:41+09:00
wonju:13193076,clinic_2025-11-25,강원특별자치도 원주시_의원 정보_20251125.csv,2025-11-25,440,스마일치과의원,강원특별자치도 원주시 문막읍 문막시장1길 10,033-735-2860,의원,phone_exact,1.0000,2026-07-15T23:14:41+09:00
wonju:13193077,clinic_2025-11-25,강원특별자치도 원주시_의원 정보_20251125.csv,2025-11-25,441,이영호치과의원,"강원특별자치도 원주시 원일로115번길 5, 3층 (일산동, 홍제빌딩)",033-744-9192,의원,phone_exact,1.0000,2026-07-15T23:14:41+09:00
wonju:13192838,clinic_2025-11-25,강원특별자치도 원주시_의원 정보_20251125.csv,2025-11-25,442,강봉선신경정신과의원,"강원특별자치도 원주시 서원대로 383, 3층 401호 (개운동, 한신프라자)",033-744-3884,의원,phone_exact,1.0000,2026-07-15T23:14:41+09:00
wonju:13192839,clinic_2025-11-25,강원특별자치도 원주시_의원 정보_20251125.csv,2025-11-25,443,오킴스의원,강원특별자치도 원주시 남원로 589-5 (명륜동),033-761-0072,의원,phone_exact,1.0000,2026-07-15T23:14:41+09:00
wonju:13193078,clinic_2025-11-25,강원특별자치도 원주시_의원 정보_20251125.csv,2025-11-25,444,천진호치과의원,강원특별자치도 원주시 능라동길 65 (무실동),033-746-8604,의원,phone_exact,1.0000,2026-07-15T23:14:41+09:00
wonju:13192840,clinic_2025-11-25,강원특별자치도 원주시_의원 정보_20251125.csv,2025-11-25,445,이재순내과의원,강원특별자치도 원주시 원일로115번길 1 (일산동),033-748-5200,의원,phone_exact,1.0000,2026-07-15T23:14:41+09:00
wonju:13192841,clinic_2025-11-25,강원특별자치도 원주시_의원 정보_20251125.csv,2025-11-25,446,백피부과의원,강원특별자치도 원주시 원일로115번길 1 (일산동),033-748-1291,의원,phone_exact,1.0000,2026-07-15T23:14:41+09:00
wonju:13193079,clinic_2025-11-25,강원특별자치도 원주시_의원 정보_20251125.csv,2025-11-25,447,중앙치과의원,강원특별자치도 원주시 원일로 104-1 (중앙동),033-743-6936,의원,phone_exact,1.0000,2026-07-15T23:14:41+09:00
wonju:13192842,clinic_2025-11-25,강원특별자치도 원주시_의원 정보_20251125.csv,2025-11-25,448,중앙정형외과의원,강원특별자치도 원주시 학성철길 59 (학성동),033-743-5221,의원,phone_exact,1.0000,2026-07-15T23:14:41+09:00
wonju:13192843,clinic_2025-11-25,강원특별자치도 원주시_의원 정보_20251125.csv,2025-11-25,449,박규래정형외과의원,강원특별자치도 원주시 무실로 26 (일산동),033-746-5538,의원,phone_exact,1.0000,2026-07-15T23:14:41+09:00
wonju:13192844,clinic_2025-11-25,강원특별자치도 원주시_의원 정보_20251125.csv,2025-11-25,450,권혁준내과의원,강원특별자치도 원주시 서원대로 156 (단계동),033-746-2878,의원,phone_exact,1.0000,2026-07-15T23:14:41+09:00
public:5223b87fac866af6,clinic_2025-11-25,강원특별자치도 원주시_의원 정보_20251125.csv,2025-11-25,451,고산보건진료소,강원특별자치도 원주시 호저면 광학로 16,033-732-3818,의원,new_source_provided,1.0000,2026-07-15T23:14:42+09:00
wonju:13192845,clinic_2025-11-25,강원특별자치도 원주시_의원 정보_20251125.csv,2025-11-25,453,김남두비뇨기과의원,강원특별자치도 원주시 원일로 114 (중앙동),033-742-0193,의원,phone_exact,1.0000,2026-07-15T23:14:42+09:00
wonju:13192846,clinic_2025-11-25,강원특별자치도 원주시_의원 정보_20251125.csv,2025-11-25,454,홍성국신경정신과의원,강원특별자치도 원주시 원일로 150-1 (학성동),033-743-5356,의원,phone_exact,1.0000,2026-07-15T23:14:42+09:00
public:02acfead706a2eb8,clinic_2025-11-25,강원특별자치도 원주시_의원 정보_20251125.csv,2025-11-25,455,지정면보건지소,강원특별자치도 원주시 지정면 간현로 126,033-737-4534,의원,new_source_provided,1.0000,2026-07-15T23:14:42+09:00
public:3fb4371ac44e2666,clinic_2025-11-25,강원특별자치도 원주시_의원 정보_20251125.csv,2025-11-25,456,황둔보건진료소,강원특별자치도 원주시 신림면 신림황둔로 1213,033-761-2188,의원,new_source_provided,1.0000,2026-07-15T23:14:42+09:00
public:25f21278d23c6b7d,clinic_2025-11-25,강원특별자치도 원주시_의원 정보_20251125.csv,2025-11-25,457,단강보건진료소,강원특별자치도 원주시 부론면 부귀로 753,033-764-9043,의원,new_source_provided,1.0000,2026-07-15T23:14:42+09:00
public:deac038acdad6485,clinic_2025-11-25,강원특별자치도 원주시_의원 정보_20251125.csv,2025-11-25,458,비두보건진료소,강원특별자치도 원주시 문막읍 귀문로 956,033-732-3507,의원,new_source_provided,1.0000,2026-07-15T23:14:42+09:00
public:6be7a95483830a6b,clinic_2025-11-25,강원특별자치도 원주시_의원 정보_20251125.csv,2025-11-25,459,사제보건진료소,강원특별자치도 원주시 흥업면 사제로 424,033-763-5661,의원,new_source_provided,1.0000,2026-07-15T23:14:42+09:00
public:265f46739ae16abe,clinic_2025-11-25,강원특별자치도 원주시_의원 정보_20251125.csv,2025-11-25,460,학곡보건진료소,강원특별자치도 원주시 소초면 구룡사로 5,033-732-4290,의원,new_source_provided,1.0000,2026-07-15T23:14:43+09:00
wonju:13192847,clinic_2025-11-25,강원특별자치도 원주시_의원 정보_20251125.csv,2025-11-25,461,한국한센복지협회강원도지부부설복지의원,강원특별자치도 원주시 원일로 155 (일산동),033-742-8718,의원,phone_exact,1.0000,2026-07-15T23:14:43+09:00
wonju:13192968,clinic_2025-11-25,강원특별자치도 원주시_의원 정보_20251125.csv,2025-11-25,462,경희한의원,강원특별자치도 원주시 향교길 56 (명륜동),033-765-5213,의원,phone_exact,1.0000,2026-07-15T23:14:43+09:00
wonju:13192848,clinic_2025-11-25,강원특별자치도 원주시_의원 정보_20251125.csv,2025-11-25,463,김이비인후과의원,강원특별자치도 원주시 원일로 127 (일산동),033-743-6161,의원,phone_exact,1.0000,2026-07-15T23:14:43+09:00
wonju:13192849,clinic_2025-11-25,강원특별자치도 원주시_의원 정보_20251125.csv,2025-11-25,464,서울외과의원,강원특별자치도 원주시 원일로 169 (학성동),033-742-1204,의원,phone_exact,1.0000,2026-07-15T23:14:43+09:00
public:854880130c8c10d7,clinic_2025-11-25,강원특별자치도 원주시_의원 정보_20251125.csv,2025-11-25,465,흥업면보건지소,강원특별자치도 원주시 흥업면 울업1길 3,033-737-4537,의원,new_source_provided,1.0000,2026-07-15T23:14:43+09:00
public:2bfea25adb535f46,clinic_2025-11-25,강원특별자치도 원주시_의원 정보_20251125.csv,2025-11-25,466,신림면보건지소,강원특별자치도 원주시 신림면 치악로 32,033-737-4539,의원,new_source_provided,1.0000,2026-07-15T23:14:43+09:00
public:e6751a5267a0999a,clinic_2025-11-25,강원특별자치도 원주시_의원 정보_20251125.csv,2025-11-25,467,귀래면보건지소,강원특별자치도 원주시 귀래면 북원로 106,033-737-4536,의원,new_source_provided,1.0000,2026-07-15T23:14:43+09:00
public:64530d40bd82a021,clinic_2025-11-25,강원특별자치도 원주시_의원 정보_20251125.csv,2025-11-25,468,호저면보건지소,강원특별자치도 원주시 호저면 호저로 429,033-737-4533,의원,new_source_provided,1.0000,2026-07-15T23:14:43+09:00
public:508212201bfb7f86,clinic_2025-11-25,강원특별자치도 원주시_의원 정보_20251125.csv,2025-11-25,469,소초면보건지소,강원특별자치도 원주시 소초면 치악로 2790,033-737-4532,의원,new_source_provided,1.0000,2026-07-15T23:14:43+09:00
public:98f872e7825d45cd,clinic_2025-11-25,강원특별자치도 원주시_의원 정보_20251125.csv,2025-11-25,471,문막읍보건지소,강원특별자치도 원주시 문막읍 건등로 11,033-737-4531,의원,new_source_provided,1.0000,2026-07-15T23:14:44+09:00
public:442a5f81460e13ce,clinic_2025-11-25,강원특별자치도 원주시_의원 정보_20251125.csv,2025-11-25,472,원주시보건소,"강원특별자치도 원주시 원일로 139, 3층 (일산동, 건강문화센터)",033-737-4026,의원,new_source_provided,1.0000,2026-07-15T23:14:44+09:00
wonju:13192598,mental_2022-08-13,강원도 원주시_정신건강증진시설 및 요양병원 현황_20220813.csv,2022-08-13,2,연세명인요양병원,강원도 원주시 평원로 100,033-813-1111,요양병원,phone_exact,1.0000,2026-07-15T23:14:44+09:00
wonju:13192621,mental_2022-08-13,강원도 원주시_정신건강증진시설 및 요양병원 현황_20220813.csv,2022-08-13,3,문막요양병원,강원도 원주시 문막읍 문막시장1길 16,033-813-9922,요양병원,phone_exact,1.0000,2026-07-15T23:14:44+09:00
wonju:13192622,mental_2022-08-13,강원도 원주시_정신건강증진시설 및 요양병원 현황_20220813.csv,2022-08-13,4,현대요양병원,강원도 원주시 치악로1604번길 22,033-900-9977,요양병원,phone_exact,1.0000,2026-07-15T23:14:44+09:00
wonju:13192623,mental_2022-08-13,강원도 원주시_정신건강증진시설 및 요양병원 현황_20220813.csv,2022-08-13,5,원주민중요양병원,강원도 원주시 북원로 2636,033-732-0270,요양병원,phone_exact,1.0000,2026-07-15T23:14:44+09:00
wonju:13192625,mental_2022-08-13,강원도 원주시_정신건강증진시설 및 요양병원 현황_20220813.csv,2022-08-13,6,연세요양병원,강원도 원주시 남원로 631,033-765-5001,요양병원,phone_exact,1.0000,2026-07-15T23:14:44+09:00
wonju:13192626,mental_2022-08-13,강원도 원주시_정신건강증진시설 및 요양병원 현황_20220813.csv,2022-08-13,7,바른요양병원,강원도 원주시 판부면 치악로 1139,033-762-0100,요양병원,phone_exact,1.0000,2026-07-15T23:14:44+09:00
wonju:13192838,mental_2022-08-13,강원도 원주시_정신건강증진시설 및 요양병원 현황_20220813.csv,2022-08-13,9,강봉선신경정신과,강원도 원주시 서원대로 383,033-744-3884,의원,phone_exact,1.0000,2026-07-15T23:14:44+09:00
wonju:13192702,mental_2022-08-13,강원도 원주시_정신건강증진시설 및 요양병원 현황_20220813.csv,2022-08-13,10,마음사랑정신건강의학과 의원,강원도 원주시 평원로 62,033-744-2468,의원,phone_exact,1.0000,2026-07-15T23:14:44+09:00
wonju:13192597,mental_2022-08-13,강원도 원주시_정신건강증진시설 및 요양병원 현황_20220813.csv,2022-08-13,11,연세대학교 원주세브란스기독병원,강원도 원주시 일산로 20,033-741-0114,종합병원,phone_exact,1.0000,2026-07-15T23:14:44+09:00
wonju:13192596,mental_2022-08-13,강원도 원주시_정신건강증진시설 및 요양병원 현황_20220813.csv,2022-08-13,12,강원도원주의료원,강원도 원주시 서원대로 387,033-760-4500,종합병원,review_decision_merge,1.0000,2026-07-15T23:14:44+09:00
wonju:13192600,mental_2022-08-13,강원도 원주시_정신건강증진시설 및 요양병원 현황_20220813.csv,2022-08-13,14,원주세인트병원,강원도 원주시 혁신로 5,033-749-9900,종합병원,phone_exact,1.0000,2026-07-15T23:14:44+09:00
wonju:13192846,mental_2022-08-13,강원도 원주시_정신건강증진시설 및 요양병원 현황_20220813.csv,2022-08-13,15,홍성국신경정신과의원,강원도 원주시 원일로 150-1,033-743-5356,의원,phone_exact,1.0000,2026-07-15T23:14:44+09:00
wonju:13192823,mental_2022-08-13,강원도 원주시_정신건강증진시설 및 요양병원 현황_20220813.csv,2022-08-13,16,이신경정신과의원,강원도 원주시 원일로 114,033-744-1142,의원,phone_exact,1.0000,2026-07-15T23:14:44+09:00
wonju:13192673,mental_2022-08-13,강원도 원주시_정신건강증진시설 및 요양병원 현황_20220813.csv,2022-08-13,17,마음편한정신의학과,강원도 원주시 서원대로 406,033-766-7675,의원,phone_exact,1.0000,2026-07-15T23:14:44+09:00
wonju:13192691,mental_2022-08-13,강원도 원주시_정신건강증진시설 및 요양병원 현황_20220813.csv,2022-08-13,18,좋은마음정신건강의학과의원,강원도 원주시 서원대로 162,033-733-6300,의원,phone_exact,1.0000,2026-07-15T23:14:44+09:00
wonju:13192705,mental_2022-08-13,강원도 원주시_정신건강증진시설 및 요양병원 현황_20220813.csv,2022-08-13,19,고석만정신건강의학과,강원도 원주시 능라동길 59,033-744-0223,의원,phone_exact,1.0000,2026-07-15T23:14:44+09:00
wonju:13192745,mental_2022-08-13,강원도 원주시_정신건강증진시설 및 요양병원 현황_20220813.csv,2022-08-13,20,연세소울 정신건강의학과의원,강원도 원주시 능라동길 3,033-762-9964,의원,name_address_exact,1.0000,2026-07-15T23:14:44+09:00
wonju:13192700,mental_2022-08-13,강원도 원주시_정신건강증진시설 및 요양병원 현황_20220813.csv,2022-08-13,21,하늘빛정신건강의학과의원,강원도 원주시 능라동길 61,033-743-7975,의원,phone_exact,1.0000,2026-07-15T23:14:44+09:00
public:2ccd4b4d5f184c56,mental_2022-08-13,강원도 원주시_정신건강증진시설 및 요양병원 현황_20220813.csv,2022-08-13,22,원주시정신건강복지센터,강원도 원주시 원일로 139,033-746-0199,의원,review_decision_new,1.0000,2026-07-15T23:14:44+09:00
public:c9fd2c3fa79e41ef,mental_2022-08-13,강원도 원주시_정신건강증진시설 및 요양병원 현황_20220813.csv,2022-08-13,23,원주시중독관리통합지원센터,강원도 원주시 원일로 139,033-748-5119,의원,review_decision_new,1.0000,2026-07-15T23:14:45+09:00
public:c8ed3721eb29eca1,mental_2022-08-13,강원도 원주시_정신건강증진시설 및 요양병원 현황_20220813.csv,2022-08-13,24,별자리,강원도 원주시 소초면 둔둔로 217-19,033-747-1127,정신재활시설(생활),review_decision_new,1.0000,2026-07-15T23:14:45+09:00
wonju:13195019,dental_lab_2023-06-12,강원도 원주시_치과기공소 현황_20230612.csv,2023-06-12,2,한솔치과기공소,"강원특별자치도 원주시 중앙로 154, 2층 (중앙동)",033-732-2801,치과기공소,phone_exact,1.0000,2026-07-15T23:14:45+09:00
wonju:13195021,dental_lab_2023-06-12,강원도 원주시_치과기공소 현황_20230612.csv,2023-06-12,4,라임치과기공소,"강원특별자치도 원주시 남산로 61, 2층 (원동)",033-900-0028,치과기공소,phone_exact,1.0000,2026-07-15T23:14:45+09:00
wonju:13195023,dental_lab_2023-06-12,강원도 원주시_치과기공소 현황_20230612.csv,2023-06-12,5,Z-max 치과기공소,"강원특별자치도 원주시 원문로 174-1, 3층 (단계동)",033-742-2804,치과기공소,phone_exact,1.0000,2026-07-15T23:14:45+09:00
wonju:13195025,dental_lab_2023-06-12,강원도 원주시_치과기공소 현황_20230612.csv,2023-06-12,6,당신을 GRIN 기공소,"강원특별자치도 원주시 서원대로 402, 대신프라자 404호 (단구동)",033-761-2883,치과기공소,phone_exact,1.0000,2026-07-15T23:14:45+09:00
wonju:13195026,dental_lab_2023-06-12,강원도 원주시_치과기공소 현황_20230612.csv,2023-06-12,7,크라운치과기공소,"강원특별자치도 원주시 무실로43번길 1, 1층 (원동)",033-762-2888,치과기공소,phone_exact,1.0000,2026-07-15T23:14:45+09:00
wonju:13195027,dental_lab_2023-06-12,강원도 원주시_치과기공소 현황_20230612.csv,2023-06-12,8,가온플러스치과기공소,"강원특별자치도 원주시 무실로 95, 3층 (원동)",033-764-2879,치과기공소,phone_exact,1.0000,2026-07-15T23:14:45+09:00
wonju:13195028,dental_lab_2023-06-12,강원도 원주시_치과기공소 현황_20230612.csv,2023-06-12,9,엔엔티덴탈랩(N&T Dental Lab),"강원특별자치도 원주시 솔우물2길 25-1, 3층 (무실동)",033-747-2804,치과기공소,phone_exact,1.0000,2026-07-15T23:14:45+09:00
wonju:13195029,dental_lab_2023-06-12,강원도 원주시_치과기공소 현황_20230612.csv,2023-06-12,10,가온누리치과기공소,"강원특별자치도 원주시 미래로 1, (주)강림빌딩 201호 (반곡동)",033-734-2879,치과기공소,phone_exact,1.0000,2026-07-15T23:14:45+09:00
wonju:13195030,dental_lab_2023-06-12,강원도 원주시_치과기공소 현황_20230612.csv,2023-06-12,11,해피페이스,"강원특별자치도 원주시 원일로 183, 3층 (학성동)",033-742-2803,치과기공소,phone_exact,1.0000,2026-07-15T23:14:45+09:00
wonju:13195031,dental_lab_2023-06-12,강원도 원주시_치과기공소 현황_20230612.csv,2023-06-12,12,가온치과기공소,"강원특별자치도 원주시 무실로 107, 3층 (일산동)",033-762-2804,치과기공소,phone_exact,1.0000,2026-07-15T23:14:45+09:00
wonju:13195032,dental_lab_2023-06-12,강원도 원주시_치과기공소 현황_20230612.csv,2023-06-12,13,구강치과기공소,"강원특별자치도 원주시 치악로 1736, 2층 (개운동)",033-766-5630,치과기공소,phone_exact,1.0000,2026-07-15T23:14:45+09:00
wonju:13195033,dental_lab_2023-06-12,강원도 원주시_치과기공소 현황_20230612.csv,2023-06-12,14,투데이치과기공소,강원특별자치도 원주시 모래내길 11-4 (단계동),070-4109-2804,치과기공소,phone_exact,1.0000,2026-07-15T23:14:45+09:00
wonju:13195034,dental_lab_2023-06-12,강원도 원주시_치과기공소 현황_20230612.csv,2023-06-12,16,좋은날치과기공소,강원특별자치도 원주시 우산로 63 (우산동),070-4383-2804,치과기공소,phone_exact,1.0000,2026-07-15T23:14:45+09:00
wonju:13195035,dental_lab_2023-06-12,강원도 원주시_치과기공소 현황_20230612.csv,2023-06-12,17,다담치과기공소,"강원특별자치도 원주시 북원로2246번길 49, 2층 (단계동)",033-733-2874,치과기공소,phone_exact,1.0000,2026-07-15T23:14:45+09:00
wonju:13195036,dental_lab_2023-06-12,강원도 원주시_치과기공소 현황_20230612.csv,2023-06-12,18,이룸 치과기공소,강원특별자치도 원주시 서원대로 383 (개운동),033-765-2804,치과기공소,phone_exact,1.0000,2026-07-15T23:14:45+09:00
wonju:13195037,dental_lab_2023-06-12,강원도 원주시_치과기공소 현황_20230612.csv,2023-06-12,19,Plus 치과기공소,"강원특별자치도 원주시 천사로 155, 2층 202호 (일산동)",033-734-1238,치과기공소,phone_exact,1.0000,2026-07-15T23:14:45+09:00
wonju:13195038,dental_lab_2023-06-12,강원도 원주시_치과기공소 현황_20230612.csv,2023-06-12,20,늘솜 치과기공소,강원특별자치도 원주시 서원대로 188 (단계동),033-731-7502,치과기공소,phone_exact,1.0000,2026-07-15T23:14:45+09:00
wonju:13195039,dental_lab_2023-06-12,강원도 원주시_치과기공소 현황_20230612.csv,2023-06-12,21,최강치과기공소,"강원특별자치도 원주시 남산로 116, 1층 (일산동)",033-735-2894,치과기공소,phone_exact,1.0000,2026-07-15T23:14:45+09:00
wonju:13195040,dental_lab_2023-06-12,강원도 원주시_치과기공소 현황_20230612.csv,2023-06-12,22,더디자인치과기공소,"강원특별자치도 원주시 서원대로 391, 201호 (개운동, 한신1차아파트 상가동)",033-766-2804,치과기공소,phone_exact,1.0000,2026-07-15T23:14:45+09:00
wonju:13195041,dental_lab_2023-06-12,강원도 원주시_치과기공소 현황_20230612.csv,2023-06-12,23,베이직치과기공소,"강원특별자치도 원주시 나비허리길 188, 상가동 203호 (관설동, 청솔8차아파트)",033-733-2804,치과기공소,phone_exact,1.0000,2026-07-15T23:14:45+09:00
wonju:13195042,dental_lab_2023-06-12,강원도 원주시_치과기공소 현황_20230612.csv,2023-06-12,24,플러스치과기공소,"강원특별자치도 원주시 원문로 166, 임주희미용실 2층 (단계동)",033-900-7760,치과기공소,phone_exact,1.0000,2026-07-15T23:14:45+09:00
wonju:13195043,dental_lab_2023-06-12,강원도 원주시_치과기공소 현황_20230612.csv,2023-06-12,25,심미치과기공소,"강원특별자치도 원주시 장미공원길 71-12, 4층 (단계동)",033-745-2802,치과기공소,phone_exact,1.0000,2026-07-15T23:14:45+09:00
wonju:13195044,dental_lab_2023-06-12,강원도 원주시_치과기공소 현황_20230612.csv,2023-06-12,26,아름다운치과기공소,"강원특별자치도 원주시 천사로 32, 4층 (단계동)",033-901-8228,치과기공소,phone_exact,1.0000,2026-07-15T23:14:45+09:00
wonju:13195045,dental_lab_2023-06-12,강원도 원주시_치과기공소 현황_20230612.csv,2023-06-12,27,아름다운동행치과기공소,강원특별자치도 원주시 원문로 144 (단계동),070-8791-2879,치과기공소,phone_exact,1.0000,2026-07-15T23:14:45+09:00
wonju:13195046,dental_lab_2023-06-12,강원도 원주시_치과기공소 현황_20230612.csv,2023-06-12,28,프라임기공소,강원특별자치도 원주시 원일로 285 (학성동),033-746-2272,치과기공소,phone_exact,1.0000,2026-07-15T23:14:45+09:00
wonju:13195047,dental_lab_2023-06-12,강원도 원주시_치과기공소 현황_20230612.csv,2023-06-12,29,고은기공소,"강원특별자치도 원주시 서원대로 408 (단구동, 광장타운빌딩 203호)",033-766-7541,치과기공소,phone_exact,1.0000,2026-07-15T23:14:45+09:00
wonju:13195048,dental_lab_2023-06-12,강원도 원주시_치과기공소 현황_20230612.csv,2023-06-12,30,믿음치과기공소,"강원특별자치도 원주시 이화4길 75 (단계동, 1층)",033-735-2806,치과기공소,phone_exact,1.0000,2026-07-15T23:14:45+09:00
wonju:13195049,dental_lab_2023-06-12,강원도 원주시_치과기공소 현황_20230612.csv,2023-06-12,31,수치과기공소,"강원특별자치도 원주시 남원로534번길 14, 6층 (단구동)",033-765-2879,치과기공소,phone_exact,1.0000,2026-07-15T23:14:45+09:00
wonju:13195050,dental_lab_2023-06-12,강원도 원주시_치과기공소 현황_20230612.csv,2023-06-12,32,아카데미치과기공소,"강원특별자치도 원주시 중앙로 105, 4층 (중앙동, PR빌딩)",033-745-2879,치과기공소,phone_exact,1.0000,2026-07-15T23:14:45+09:00
wonju:13195052,dental_lab_2023-06-12,강원도 원주시_치과기공소 현황_20230612.csv,2023-06-12,33,이사랑치과기공소,"강원특별자치도 원주시 평원로 72, 2층 (평원동)",033-748-1804,치과기공소,phone_exact,1.0000,2026-07-15T23:14:45+09:00
wonju:13195054,dental_lab_2023-06-12,강원도 원주시_치과기공소 현황_20230612.csv,2023-06-12,34,대성치과기공소,"강원특별자치도 원주시 원일로 260, 가동 302호 (학성동)",033-904-2812,치과기공소,phone_exact,1.0000,2026-07-15T23:14:45+09:00
wonju:13195055,dental_lab_2023-06-12,강원도 원주시_치과기공소 현황_20230612.csv,2023-06-12,35,준치과기공소,강원특별자치도 원주시 치악로 1640 (단구동),033-763-6669,치과기공소,phone_exact,1.0000,2026-07-15T23:14:45+09:00
wonju:13195056,dental_lab_2023-06-12,강원도 원주시_치과기공소 현황_20230612.csv,2023-06-12,36,영서치과기공소,강원특별자치도 원주시 남부시장길 18 (명륜동),033-761-8664,치과기공소,phone_exact,1.0000,2026-07-15T23:14:45+09:00
wonju:13195057,dental_lab_2023-06-12,강원도 원주시_치과기공소 현황_20230612.csv,2023-06-12,37,신치과기공소,강원특별자치도 원주시 원문로 66 (학성동),033-746-0136,치과기공소,phone_exact,1.0000,2026-07-15T23:14:45+09:00
wonju:13195022,dental_lab_2023-06-12,강원도 원주시_치과기공소 현황_20230612.csv,2023-06-12,38,매일기공소,"강원특별자치도 원주시 능라동길 74, 5층 504호 (무실동)",033-812-2882,치과기공소,name_address_exact,1.0000,2026-07-15T23:14:45+09:00
