순번,의료기관명,의료기관주소(도로명),의료기관전화번호,병상,관리기관,관리기관 전화번호,데이터 기준일자
1,희망찬여성의원,"강원특별자치도 원주시 혁신로 39-1, 3, 4층 (반곡동)",033-733-2888,0,강원특별자치도 원주시청,033-737-4022,2025-11-25
2,지쉘의원,"강원특별자치도 원주시 지정면 기업도시로 6, 2층 203호",033-733-8901,0,강원특별자치도 원주시청,033-737-4022,2025-11-25
3,밴스의원,"강원특별자치도 원주시 서원대로 416, 2층 (단구동)",033-812-3034,0,강원특별자치도 원주시청,033-737-4022,2025-11-25
4,장수뜸한의원,"강원특별자치도 원주시 서원대로 383, 한신프라자 4층 406,407호 (개운동)",033-765-8388,0,강원특별자치도 원주시청,033-737-4022,2025-11-25
5,단구햇살의원,"강원특별자치도 원주시 치악로 1626, 3층 (단구동)",033-761-9973,0,강원특별자치도 원주시청,033-737-4022,2025-11-25
6,원주유앤항외과의원,"강원특별자치도 원주시 능라동길 51, 시네시티타워 401, 402호 (무실동)",033-734-1515,4,강원특별자치도 원주시청,033-737-4022,2025-11-25
7,서울수려한치과의원,"강원특별자치도 원주시 능라동길 61, 207호 (무실동)",033-900-7522,0,강원특별자치도 원주시청,033-737-4022,2025-11-25
8,매일진료365의원,"강원특별자치도 원주시 능라동길 65, 휴먼타워 1, 3층 (무실동)",033-813-4675,0,강원특별자치도 원주시청,033-737-4022,2025-11-25
9,이석원내과의원,"강원특별자치도 원주시 평원로 76, 201호 (평원동)",033-900-5155,0,강원특별자치도 원주시청,033-737-4022,2025-11-25
10,서울탑마취통증의학과의원,"강원특별자치도 원주시 중앙시장길 32, 1,2층 일부호 (중앙동)",033-813-3800,0,강원특별자치도 원주시청,033-737-4022,2025-11-25
11,차림한의원,"강원특별자치도 원주시 건강로 25, 101,102호 (반곡동)",033-813-1282,0,강원특별자치도 원주시청,033-737-4022,2025-11-25
12,임연웅신경외과의원,"강원특별자치도 원주시 만대공원길 59, 3층 302호 (무실동)",033-735-7882,0,강원특별자치도 원주시청,033-737-4022,2025-11-25
13,서울더바른치과의원,"강원특별자치도 원주시 문막읍 왕건로 22, 3층 301호",033-813-2882,0,강원특별자치도 원주시청,033-737-4022,2025-11-25
14,서울성모정신건강의학과의원,"강원특별자치도 원주시 만대공원길 59, 3층 303호 (무실동)",033-731-3080,0,강원특별자치도 원주시청,033-737-4022,2025-11-25
15,남송한의원,"강원특별자치도 원주시 판부면 남원로 401, 2층",033-813-3651,18,강원특별자치도 원주시청,033-737-4022,2025-11-25
16,21세기본튼튼의원,"강원특별자치도 원주시 현충로 11, 2층 201, 202호 (태장동)",033-813-4095,0,강원특별자치도 원주시청,033-737-4022,2025-11-25
17,키노인터네셔널치과의원,"강원특별자치도 원주시 원일로 120, 4, 5층 (중앙동)",033-762-7070,0,강원특별자치도 원주시청,033-737-4022,2025-11-25
18,아이온가족치과의원,"강원특별자치도 원주시 반곡초교로 78-6, 201, 202, 203호 (반곡동)",033-733-7773,0,강원특별자치도 원주시청,033-737-4022,2025-11-25
19,한사랑치과의원,"강원특별자치도 원주시 판부면 남원로 401, 3층",033-762-7528,0,강원특별자치도 원주시청,033-737-4022,2025-11-25
20,원주스노우의원,"강원특별자치도 원주시 능라동길 61, 9층 (무실동)",033-732-0601,0,강원특별자치도 원주시청,033-737-4022,2025-11-25
21,허승한의원,"강원특별자치도 원주시 단구로 410, 세경5차아파트 상가동동 108,113호 (단구동)",033-747-5116,0,강원특별자치도 원주시청,033-737-4022,2025-11-25
22,원주단구 오케이한의원,"강원특별자치도 원주시 단구로 398, 청솔3차아파트 상가2동 105호 (단구동)",033-765-7975,0,강원특별자치도 원주시청,033-737-4022,2025-11-25
23,파인땡큐앤드유외과의원,"강원특별자치도 원주시 시청로 98, 4층 (무실동)",033-745-7800,3,강원특별자치도 원주시청,033-737-4022,2025-11-25
24,연세오케이정형외과의원,"강원특별자치도 원주시 서원대로 402, 대신프라자 5층 (단구동)",033-766-7575,0,강원특별자치도 원주시청,033-737-4022,2025-11-25
25,연세임유리내과의원,"강원특별자치도 원주시 지정면 신지정로 322-1, 6층",033-901-7582,0,강원특별자치도 원주시청,033-737-4022,2025-11-25
26,이상진안과의원,강원특별자치도 원주시 북원로 2245 (단계동),033-743-9344,0,강원특별자치도 원주시청,033-737-4022,2025-11-25
27,숲한의원,"강원특별자치도 원주시 원문로137번길 46, 1층 (단계동)",033-748-8288,0,강원특별자치도 원주시청,033-737-4022,2025-11-25
28,이로운치과의원,"강원특별자치도 원주시 영랑길 14-2, 201호 (행구동)",033-900-2828,0,강원특별자치도 원주시청,033-737-4022,2025-11-25
29,아이조아치과의원,"강원특별자치도 원주시 입춘로 110, 207, 208호 (반곡동)",033-743-2275,0,강원특별자치도 원주시청,033-737-4022,2025-11-25
30,치과명작치과의원,"강원특별자치도 원주시 서원대로 396, 스타월드 2층 (단구동)",033-763-2879,0,강원특별자치도 원주시청,033-737-4022,2025-11-25
31,지성정형외과의원,"강원특별자치도 원주시 문막읍 구암길 9, 스카이블루1 빌딩 1~4층",033-734-6700,29,강원특별자치도 원주시청,033-737-4022,2025-11-25
32,중앙플란트치과의원,"강원특별자치도 원주시 평원로 76, 3층 (평원동)",033-813-2804,0,강원특별자치도 원주시청,033-737-4022,2025-11-25
33,진제통의원,"강원특별자치도 원주시 양지로 26, 1층 106호 (반곡동)",033-813-0233,5,강원특별자치도 원주시청,033-737-4022,2025-11-25
34,진제통한의원,"강원특별자치도 원주시 양지로 26, 1층 106호 (반곡동)",033-813-0233,0,강원특별자치도 원주시청,033-737-4022,2025-11-25
35,연세준재활의학과의원,"강원특별자치도 원주시 지정면 신지정로 216, 6,7층",033-900-0847,0,강원특별자치도 원주시청,033-737-4022,2025-11-25
36,미소마취통증의학과의원,"강원특별자치도 원주시 모란1길 69, 201호 (우산동)",033-900-7500,0,강원특별자치도 원주시청,033-737-4022,2025-11-25
37,은혜한의원,"강원특별자치도 원주시 능라동길 82, 3층 (무실동)",033-731-1079,0,강원특별자치도 원주시청,033-737-4022,2025-11-25
38,연세이명규내과의원,"강원특별자치도 원주시 치악로 1791, 3층 (개운동)",033-761-6451,0,강원특별자치도 원주시청,033-737-4022,2025-11-25
39,마디세움 정형외과의원,"강원특별자치도 원주시 지정면 신지정로 322-1, 센텀뷰 5층",033-901-8275,0,강원특별자치도 원주시청,033-737-4022,2025-11-25
40,이득수한의원,"강원특별자치도 원주시 지정면 신지정로 216, 601호",033-813-0175,0,강원특별자치도 원주시청,033-737-4022,2025-11-25
41,탑정형외과의원,"강원특별자치도 원주시 봉화로 31, 시재메디타워 (단계동)",1599-7501,16,강원특별자치도 원주시청,033-737-4022,2025-11-25
42,소망의원,"강원특별자치도 원주시 중앙로 136, 2층 (중앙동)",033-742-7558,0,강원특별자치도 원주시청,033-737-4022,2025-11-25
43,원주클라인치과의원,"강원특별자치도 원주시 봉화로 22, 더파크타워 3층 301호 (단계동)",033-734-2700,0,강원특별자치도 원주시청,033-737-4022,2025-11-25
44,연세지안비뇨의학과의원,"강원특별자치도 원주시 능라동길 70, 4층 405,406호 (무실동)",033-743-7788,2,강원특별자치도 원주시청,033-737-4022,2025-11-25
45,수연한의원,"강원특별자치도 원주시 모란1길 75, 201호 (우산동)",033-747-1075,0,강원특별자치도 원주시청,033-737-4022,2025-11-25
46,온유가정의학과의원,"강원특별자치도 원주시 지정면 신지정로 216, 402, 403호",033-737-6687,0,강원특별자치도 원주시청,033-737-4022,2025-11-25
47,디지털월드치과의원,"강원특별자치도 원주시 판부면 내남송길 103, 2층",033-761-7772,0,강원특별자치도 원주시청,033-737-4022,2025-11-25
48,서울황내과의원,"강원특별자치도 원주시 능라동길 59, 603,604호 (무실동)",033-813-1314,0,강원특별자치도 원주시청,033-737-4022,2025-11-25
49,소초함께의원,"강원특별자치도 원주시 소초면 송황유사길 3, 1층",033-734-7588,0,강원특별자치도 원주시청,033-737-4022,2025-11-25
50,리블룸의원,"강원특별자치도 원주시 능라동길 73, 3층 (무실동)",0507-1489-2050,0,강원특별자치도 원주시청,033-737-4022,2025-11-25
51,지월한의원,"강원특별자치도 원주시 시청로 96, 영신프라자 2층 202호 (무실동)",033-743-1070,0,강원특별자치도 원주시청,033-737-4022,2025-11-25
52,서울명문치과의원,"강원특별자치도 원주시 시청로 528, 202,203호 (관설동)",033-901-2285,0,강원특별자치도 원주시청,033-737-4022,2025-11-25
53,피어라의원,"강원특별자치도 원주시 지정면 신지정로 172, 현대프라자 3층",033-731-0333,0,강원특별자치도 원주시청,033-737-4022,2025-11-25
54,연세문막치과의원,"강원특별자치도 원주시 문막읍 건등로 70, 2층 205호",033-904-2875,0,강원특별자치도 원주시청,033-737-4022,2025-11-25
55,연세늘내과이비인후과의원,"강원특별자치도 원주시 능라동길 61, 205,506호 (무실동)",033-742-5522,1,강원특별자치도 원주시청,033-737-4022,2025-11-25
56,도움의원,강원특별자치도 원주시 북원로 2634 (태장동),033-732-0279,27,강원특별자치도 원주시청,033-737-4022,2025-11-25
57,마디튼튼마취통증의학과의원,"강원특별자치도 원주시 능라동길 65, 휴먼타워 201~205호 (무실동)",033-747-1188,0,강원특별자치도 원주시청,033-737-4022,2025-11-25
58,자연과한의원 원주점,"강원특별자치도 원주시 능라동길 51, 4층 414~415호 (무실동)",033-813-0369,0,강원특별자치도 원주시청,033-737-4022,2025-11-25
59,원주약선당한의원,"강원특별자치도 원주시 무실로 181, 1층 (명륜동)",033-762-1232,0,강원특별자치도 원주시청,033-737-4022,2025-11-25
60,전찬일한의원,"강원특별자치도 원주시 남원로534번길 14, 4층 (단구동)",033-762-1075,0,강원특별자치도 원주시청,033-737-4022,2025-11-25
61,삼성서울리프앤톡스의원,"강원특별자치도 원주시 혁신로 35, 3층 301~302호 (반곡동)",033-813-1707,0,강원특별자치도 원주시청,033-737-4022,2025-11-25
62,아이편한소아청소년과의원,"강원특별자치도 원주시 단구로 398, 청솔3차아파트 1층 104호 (단구동)",033-900-8275,0,강원특별자치도 원주시청,033-737-4022,2025-11-25
63,정성한의원,"강원특별자치도 원주시 단구로 384-1, 1층 102호 (단구동)",033-764-3700,0,강원특별자치도 원주시청,033-737-4022,2025-11-25
64,연세바른치과의원,"강원특별자치도 원주시 능라동길 27, 305~306호 (무실동)",033-900--2882,0,강원특별자치도 원주시청,033-737-4022,2025-11-25
65,센텀플란트치과의원,"강원특별자치도 원주시 능라동길 70, 2층 203~206호 (무실동)",033-731-2080,0,강원특별자치도 원주시청,033-737-4022,2025-11-25
66,태장치과의원,"강원특별자치도 원주시 치악로 2200, 1동 1층 (태장동)",033-904-2828,0,강원특별자치도 원주시청,033-737-4022,2025-11-25
67,서울니어치과의원,"강원특별자치도 원주시 지정면 신지정로 190, 3층 301~305호",033-734-0007,0,강원특별자치도 원주시청,033-737-4022,2025-11-25
68,아이튼튼소아청소년과의원,"강원특별자치도 원주시 서원대로 406, 5층 504,505호 (단구동)",033-761-7585,0,강원특별자치도 원주시청,033-737-4022,2025-11-25
69,무실한의원,"강원특별자치도 원주시 능라동길 59, 111~113, 206~207호 (무실동)",033-813-0365,10,강원특별자치도 원주시청,033-737-4022,2025-11-25
70,연세본정형외과마취통증의학과의원,"강원특별자치도 원주시 영랑길 14-2, 401.402-2호 (행구동)",033-900-7582,0,강원특별자치도 원주시청,033-737-4022,2025-11-25
71,다담웃음치과의원,"강원특별자치도 원주시 지정면 신지정로 316-1, 304,305호",033-748-2275,0,강원특별자치도 원주시청,033-737-4022,2025-11-25
72,연세시원한외과의원,"강원특별자치도 원주시 능라동길 27, SK타워 404~406호 (무실동)",033-904-7575,5,강원특별자치도 원주시청,033-737-4022,2025-11-25
73,다람쥐키즈치과의원,"강원특별자치도 원주시 지정면 신지정로 322, 501~504호",033-900-2800,0,강원특별자치도 원주시청,033-737-4022,2025-11-25
74,명성메디칼의원,"강원특별자치도 원주시 현충로 11, 2,3층 (태장동)",033-731-3651,24,강원특별자치도 원주시청,033-737-4022,2025-11-25
75,서울토론토치과의원,"강원특별자치도 원주시 혁신로 262, 2층, 3층 (반곡동)",033-900-2875,0,강원특별자치도 원주시청,033-737-4022,2025-11-25
76,대세한의원,"강원특별자치도 원주시 지정면 신지정로 322, 209호",033-731-7975,0,강원특별자치도 원주시청,033-737-4022,2025-11-25
77,톡스앤필의원 원주점,"강원특별자치도 원주시 서원대로 162, 3층 302호 (단계동)",033-735-7999,0,강원특별자치도 원주시청,033-737-4022,2025-11-25
78,원주시민의원,"강원특별자치도 원주시 남원로 645, 영광빌딩 2층 (명륜동)",033-763-9034,0,강원특별자치도 원주시청,033-737-4022,2025-11-25
79,기운내한의원,"강원특별자치도 원주시 남원로534번길 54, 202호 (단구동)",033-761-1997,0,강원특별자치도 원주시청,033-737-4022,2025-11-25
80,원더스의원,"강원특별자치도 원주시 서원대로 164, 3층 (단계동)",033-812-2828,0,강원특별자치도 원주시청,033-737-4022,2025-11-25
81,블리비의원,"강원특별자치도 원주시 서원대로 396, 스타월드 4층 409호, 410호, 411호, 415호 (단구동)",1833-9359,0,강원특별자치도 원주시청,033-737-4022,2025-11-25
82,이편한치과의원,"강원특별자치도 원주시 로아노크로 74, 세이브타워 402호 (무실동)",033-735-2080,0,강원특별자치도 원주시청,033-737-4022,2025-11-25
83,사상참경희한의원,"강원특별자치도 원주시 영랑길 2, 401호 (행구동)",033-813-9600,0,강원특별자치도 원주시청,033-737-4022,2025-11-25
84,원주위대한내과의원,"강원특별자치도 원주시 능라동길 27, SK타워 504~506호 (무실동)",033-742-9669,0,강원특별자치도 원주시청,033-737-4022,2025-11-25
85,제로마취통증의학과의원,"강원특별자치도 원주시 서원대로 406, 303,304호 (단구동)",033-761-8900,0,강원특별자치도 원주시청,033-737-4022,2025-11-25
86,김진수프롤로의원,"강원특별자치도 원주시 북원로 2247, 덕안빌딩  3층 (단계동)",033-745-0188,0,강원특별자치도 원주시청,033-737-4022,2025-11-25
87,유앤미치과의원,"강원특별자치도 원주시 지정면 신지정로 322-1, 305,306호",033-900-6262,0,강원특별자치도 원주시청,033-737-4022,2025-11-25
88,경희다인한의원,"강원특별자치도 원주시 지정면 신지정로 322, 301,302호",033-900-1148,0,강원특별자치도 원주시청,033-737-4022,2025-11-25
89,연세이안치과의원,"강원특별자치도 원주시 영랑길 2, 302호 (행구동)",033-733-8600,0,강원특별자치도 원주시청,033-737-4022,2025-11-25
90,숲이비인후과의원,"강원특별자치도 원주시 서원대로 170, 재영빌딩 3, 4, 5층 (단계동)",033-900-1016,0,강원특별자치도 원주시청,033-737-4022,2025-11-25
91,이미영샘내과의원,"강원특별자치도 원주시 영랑길 14-2, 청연재빌딩 2층 (행구동)",033-900-3000,0,강원특별자치도 원주시청,033-737-4022,2025-11-25
92,곽엄섭내과의원,"강원특별자치도 원주시 현충로 320-1, 1,2층 (태장동)",033-732-8277,0,강원특별자치도 원주시청,033-737-4022,2025-11-25
93,드림365소아청소년과의원,"강원특별자치도 원주시 지정면 신지정로 322, 탑프라자 402,403호",033-734-3650,0,강원특별자치도 원주시청,033-737-4022,2025-11-25
94,연세탑치과의원,"강원특별자치도 원주시 지정면 신지정로 322, 4층 401,411호",033-732-2875,0,강원특별자치도 원주시청,033-737-4022,2025-11-25
95,키다리소아청소년과의원,"강원특별자치도 원주시 지정면 신지정로 316-1, 302,303호",033-743-8080,0,강원특별자치도 원주시청,033-737-4022,2025-11-25
96,효성한의원,"강원특별자치도 원주시 흥업면 사제로 7-4, 1층",033-761-9388,0,강원특별자치도 원주시청,033-737-4022,2025-11-25
97,지정내과의원,"강원특별자치도 원주시 지정면 신지정로 266, 301,302호",033-733-2355,0,강원특별자치도 원주시청,033-737-4022,2025-11-25
98,기린소아청소년과의원,"강원특별자치도 원주시 지정면 신지정로 266, 204호",033-734-3132,0,강원특별자치도 원주시청,033-737-4022,2025-11-25
99,서울플란트치과의원,"강원특별자치도 원주시 지정면 신지정로 266, 401호",033-743-9944,0,강원특별자치도 원주시청,033-737-4022,2025-11-25
100,마음편한정신건강의학과의원,"강원특별자치도 원주시 서원대로 406, 503호 (단구동)",033-766-7675,0,강원특별자치도 원주시청,033-737-4022,2025-11-25
101,화인가정의원,"강원특별자치도 원주시 지정면 신지정로 322-1, 303,304호",033-735-1111,0,강원특별자치도 원주시청,033-737-4022,2025-11-25
102,오스정형외과의원,"강원특별자치도 원주시 북원로 2235-4, 1,2층 118호, 201~7호호 (단계동)",033-900-8282,24,강원특별자치도 원주시청,033-737-4022,2025-11-25
103,서이비인후과의원,"강원특별자치도 원주시 남원로 671, 3층 (명륜동)",033-764-1525,0,강원특별자치도 원주시청,033-737-4022,2025-11-25
104,신월랑한의원,"강원특별자치도 원주시 고문골길 21, 1층 (행구동)",033-744-4535,0,강원특별자치도 원주시청,033-737-4022,2025-11-25
105,오드리의원,"강원특별자치도 원주시 능라동길 51, 시네시티타워 3층 302,303,304호 (무실동)",033-733-3322,0,강원특별자치도 원주시청,033-737-4022,2025-11-25
106,속시원한내과의원,"강원특별자치도 원주시 로아노크로 74, 501호, 502호 (무실동)",033-743-8275,0,강원특별자치도 원주시청,033-737-4022,2025-11-25
107,원주김안과의원,"강원특별자치도 원주시 능라동길 70, 3층 306호 (무실동)",033-747-2300,0,강원특별자치도 원주시청,033-737-4022,2025-11-25
108,연세나비이비인후과의원,"강원특별자치도 원주시 지정면 신지정로 316-2, 2층",033-731-7730,2,강원특별자치도 원주시청,033-737-4022,2025-11-25
109,남부한의원,"강원특별자치도 원주시 남원로 667-1, 1층 (명륜동)",033-735-9000,0,강원특별자치도 원주시청,033-737-4022,2025-11-25
110,신준현신경과의원,"강원특별자치도 원주시 능라동길 35, 베르뉴시티 3층 301호,302호 (무실동)",033-735-5254,0,강원특별자치도 원주시청,033-737-4022,2025-11-25
111,의함다래평생한의원,"강원특별자치도 원주시 남산로 180, 대성빌딩 101호 (학성동)",033-766-8925,0,강원특별자치도 원주시청,033-737-4022,2025-11-25
112,에이플치과의원,"강원특별자치도 원주시 백간길 25, 2층 (단계동)",033-743-7522,0,강원특별자치도 원주시청,033-737-4022,2025-11-25
113,강남후생치과의원,"강원특별자치도 원주시 북원로 2706, 2층 (태장동)",033-746-2827,0,강원특별자치도 원주시청,033-737-4022,2025-11-25
114,백세한의원,"강원특별자치도 원주시 현충로58번길 28, 2층 (태장동)",033-746-7850,0,강원특별자치도 원주시청,033-737-4022,2025-11-25
115,고려제일의원,"강원특별자치도 원주시 부론면 법천시장길 52, 2층",033-742-7572,0,강원특별자치도 원주시청,033-737-4022,2025-11-25
116,통탈의원,"강원특별자치도 원주시 혁신로 37-2, 중앙타워 4층 (반곡동)",033-813-3375,18,강원특별자치도 원주시청,033-737-4022,2025-11-25
117,신선한의원,"강원특별자치도 원주시 소초면 간촌길 130, 1층",070-7679-3140,0,강원특별자치도 원주시청,033-737-4022,2025-11-25
118,하나내과의원,"강원특별자치도 원주시 치악로 1527, 판부농협하나로마트 2층 (관설동)",033-763-9080,0,강원특별자치도 원주시청,033-737-4022,2025-11-25
119,준소아청소년과의원,"강원특별자치도 원주시 백간길 25, SG프라자 2층 (단계동)",033-744-2119,0,강원특별자치도 원주시청,033-737-4022,2025-11-25
120,연세봄이비인후과의원,"강원특별자치도 원주시 영랑길 2, 201, 301호 (행구동)",033-747-2537,3,강원특별자치도 원주시청,033-737-4022,2025-11-25
121,더사랑소아청소년과의원,"강원특별자치도 원주시 오리현길 16-9, 1층 (반곡동)",033-732-2693,0,강원특별자치도 원주시청,033-737-4022,2025-11-25
122,연세치과의원,"강원특별자치도 원주시 무실로 182, 원주원예농협하나로클럽 2층 (단계동)",033-733-7505,0,강원특별자치도 원주시청,033-737-4022,2025-11-25
123,하니유외과의원,"강원특별자치도 원주시 영랑길 14-2, 청연재 빌딩 3층 (행구동)",033-900-6075,2,강원특별자치도 원주시청,033-737-4022,2025-11-25
124,우리산부인과의원,"강원특별자치도 원주시 영랑길 14-2, 청연재빌딩 6,7층 (행구동)",033-900-5959,10,강원특별자치도 원주시청,033-737-4022,2025-11-25
125,최한의원,"강원특별자치도 원주시 문막읍 건등로 10-19, 문호빌딩 2층",033-734-2378,0,강원특별자치도 원주시청,033-737-4022,2025-11-25
126,편하지의원,"강원특별자치도 원주시 시청로 25, 태성프라자 602~603호 (무실동)",033-813-0777,0,강원특별자치도 원주시청,033-737-4022,2025-11-25
127,좋은 마음 정신건강의학과 의원,"강원특별자치도 원주시 서원대로 162, 601호 (단계동)",033-733-6300,0,강원특별자치도 원주시청,033-737-4022,2025-11-25
128,바른한의원,"강원특별자치도 원주시 천사로 210, 1~4층 (일산동)",033-734-7975,10,강원특별자치도 원주시청,033-737-4022,2025-11-25
129,문막동화한의원,"강원특별자치도 원주시 문막읍 왕건로 81, 동화빌딩 302호",033-746-7510,0,강원특별자치도 원주시청,033-737-4022,2025-11-25
130,하늘치과의원,"강원특별자치도 원주시 능라동길 7, 403호 (무실동)",033-746-9075,0,강원특별자치도 원주시청,033-737-4022,2025-11-25
131,연세이튼치과의원,"강원특별자치도 원주시 양지로 80, 403호, 404호 (반곡동)",033-747-8575,0,강원특별자치도 원주시청,033-737-4022,2025-11-25
132,경희나무한의원,"강원특별자치도 원주시 백간길 25, 2층 (단계동)",033-744-1175,0,강원특별자치도 원주시청,033-737-4022,2025-11-25
133,박현민성형외과의원,"강원특별자치도 원주시 서원대로 156, 5층 (단계동)",033-742-7773,0,강원특별자치도 원주시청,033-737-4022,2025-11-25
134,하이맨비뇨기과의원,강원특별자치도 원주시 봉화로 12 (단계동),033-733-3744,1,강원특별자치도 원주시청,033-737-4022,2025-11-25
135,부부소아청소년과의원,강원특별자치도 원주시 문막읍 왕건로 48,033-746-5988,0,강원특별자치도 원주시청,033-737-4022,2025-11-25
136,삼성서울치과의원,"강원특별자치도 원주시 능라동길 51, 3층 301호 (무실동)",033-812-2875,0,강원특별자치도 원주시청,033-737-4022,2025-11-25
137,삼성서울 치과교정과 치과의원,"강원특별자치도 원주시 능라동길 51, 3층 317, 318호 (무실동)",033-812-2888,0,강원특별자치도 원주시청,033-737-4022,2025-11-25
138,엄마맘소아청소년과의원,"강원특별자치도 원주시 양지로 4, 2층 202호 (반곡동, 더조은메디컬빌딩 )",033-742-1119,0,강원특별자치도 원주시청,033-737-4022,2025-11-25
139,모두올한의원,"강원특별자치도 원주시 혁신로 35, 205호 (반곡동)",033-747-8284,0,강원특별자치도 원주시청,033-737-4022,2025-11-25
140,연세열린내과의원,"강원특별자치도 원주시 백간길 25, 2층 (단계동)",033-733-1346,0,강원특별자치도 원주시청,033-737-4022,2025-11-25
141,죠훈신경외과의원,"강원특별자치도 원주시 양지로 4, 3~5층 (반곡동)",033-748-9111,23,강원특별자치도 원주시청,033-737-4022,2025-11-25
142,건강한치과의원,"강원특별자치도 원주시 건강로 21, 2층 (반곡동, 조은빌딩)",033-734-2275,0,강원특별자치도 원주시청,033-737-4022,2025-11-25
143,더편한정형외과의원,"강원특별자치도 원주시 원일로115번길 12 (일산동, 서진빌딩 4층)",033-734-7582,0,강원특별자치도 원주시청,033-737-4022,2025-11-25
144,에벤에셀치과의원,"강원특별자치도 원주시 시청로 555, 2층 (관설동, 청어람빌딩)",033-764-9128,0,강원특별자치도 원주시청,033-737-4022,2025-11-25
145,서울튼튼신경외과의원,"강원특별자치도 원주시 중앙시장길 11, 2층 (중앙동, 자유시장 1블럭 1호)",033-743-7583,0,강원특별자치도 원주시청,033-737-4022,2025-11-25
146,하늘빛 정신건강의학과 의원,"강원특별자치도 원주시 능라동길 61, 5층 (무실동, 정한타워)",033-743-7975,0,강원특별자치도 원주시청,033-737-4022,2025-11-25
147,보리한의원,"강원특별자치도 원주시 단구로 351, 2층 (단구동)",033-765-8875,0,강원특별자치도 원주시청,033-737-4022,2025-11-25
148,꿈에의원,"강원특별자치도 원주시 단구로 398, 청솔3차아파트 상가동 1층 103호 (단구동)",033-732-7502,0,강원특별자치도 원주시청,033-737-4022,2025-11-25
149,나다운 정신건강의학과의원,강원특별자치도 원주시 평원로 62 (평원동),033-744-2468,0,강원특별자치도 원주시청,033-737-4022,2025-11-25
150,정직한치과의원,강원특별자치도 원주시 무실로 170 (단계동),033-747-2878,0,강원특별자치도 원주시청,033-737-4022,2025-11-25
151,남부밝은안과의원,강원특별자치도 원주시 남원로 667-1 (명륜동),033-766-9100,0,강원특별자치도 원주시청,033-737-4022,2025-11-25
152,삼대한의원,"강원특별자치도 원주시 원문로 168, 1층 (단계동)",033-743-8075,0,강원특별자치도 원주시청,033-737-4022,2025-11-25
153,미올한의원원주점,"강원특별자치도 원주시 능라동길 63, 305호 (무실동)",033-734-5700,0,강원특별자치도 원주시청,033-737-4022,2025-11-25
154,해담한의원,"강원특별자치도 원주시 혁신로 37-3, 301호 (반곡동)",033-731-1175,0,강원특별자치도 원주시청,033-737-4022,2025-11-25
155,몸편안한의원,강원특별자치도 원주시 치악로 1786 (개운동),033-764-2757,0,강원특별자치도 원주시청,033-737-4022,2025-11-25
156,원주치과의원,"강원특별자치도 원주시 봉화로 31, 2층 (단계동)",033-734-2875,0,강원특별자치도 원주시청,033-737-4022,2025-11-25
157,맥한의원,강원특별자치도 원주시 입춘로 110 (반곡동),033-765-8275,0,강원특별자치도 원주시청,033-737-4022,2025-11-25
158,연세 혁신내과의원,강원특별자치도 원주시 혁신로 53 (반곡동),033-747-4253,0,강원특별자치도 원주시청,033-737-4022,2025-11-25
159,닥터리치과의원,"강원특별자치도 원주시 행구로 148, 3층 (행구동)",033-748-7522,0,강원특별자치도 원주시청,033-737-4022,2025-11-25
160,고석만정신건강의학과의원,"강원특별자치도 원주시 능라동길 59 (무실동, 정한프라자 509호)",033-744-0223,0,강원특별자치도 원주시청,033-737-4022,2025-11-25
161,기린한의원,"강원특별자치도 원주시 장미공원길 67-16, 단계메디컬센터 4층 (단계동)",033-747-8333,0,강원특별자치도 원주시청,033-737-4022,2025-11-25
162,오케이치과의원,"강원특별자치도 원주시 혁신로 37-3, 303, 305호 (반곡동)",033-812-2080,0,강원특별자치도 원주시청,033-737-4022,2025-11-25
163,연세메디컬의원,강원특별자치도 원주시 시청로 70 (무실동),033-734-0365,0,강원특별자치도 원주시청,033-737-4022,2025-11-25
164,치과의정석치과의원,강원특별자치도 원주시 능라동길 59 (무실동),033-731-2882,0,강원특별자치도 원주시청,033-737-4022,2025-11-25
165,도담내과의원,"강원특별자치도 원주시 모란1길 70, 203층 (우산동, 수정프라자)",033-744-4901,0,강원특별자치도 원주시청,033-737-4022,2025-11-25
166,서울열린치과의원,"강원특별자치도 원주시 시청로 96, 영신프라자 3층 303호 (무실동)",033-744-1369,0,강원특별자치도 원주시청,033-737-4022,2025-11-25
167,연세부부치과의원,"강원특별자치도 원주시 모란1길 79, 2층 (우산동)",033-746-2879,0,강원특별자치도 원주시청,033-737-4022,2025-11-25
168,연세굿모닝내과의원,"강원특별자치도 원주시 행구로 148, 3층 (행구동)",033-733-0799,0,강원특별자치도 원주시청,033-737-4022,2025-11-25
169,닥터후치과의원,"강원특별자치도 원주시 시청로 98, 3층 (무실동, 새봄빌딩)",033-742-2875,0,강원특별자치도 원주시청,033-737-4022,2025-11-25
170,연세사랑나눔치과의원,"강원특별자치도 원주시 모란1길 86, 2층 202~206호 (우산동)",033-733-0875,0,강원특별자치도 원주시청,033-737-4022,2025-11-25
171,타토아의원,"강원특별자치도 원주시 서원대로 408, 3층 (단구동)",033-766-0211,0,강원특별자치도 원주시청,033-737-4022,2025-11-25
172,다온재활의학과의원,"강원특별자치도 원주시 능라동길 61, 3,5층 308,309,,506,507,508호 (무실동)",033-746-7500,0,강원특별자치도 원주시청,033-737-4022,2025-11-25
173,서울윤치과의원,"강원특별자치도 원주시 단구로 360, 2층 (단구동)",033-761-2879,0,강원특별자치도 원주시청,033-737-4022,2025-11-25
174,스토리치과의원,강원특별자치도 원주시 능라동길 61 (무실동),033-733-2875,0,강원특별자치도 원주시청,033-737-4022,2025-11-25
175,이성문한의원,"강원특별자치도 원주시 치악로 1502, 2층 (단구동)",033-765-7582,0,강원특별자치도 원주시청,033-737-4022,2025-11-25
176,연세키즈 소아청소년과의원,"강원특별자치도 원주시 서원대로 402, 3층 (단구동, 대신프라자)",033-764-6644,0,강원특별자치도 원주시청,033-737-4022,2025-11-25
177,경희해문한의원,"강원특별자치도 원주시 능라동길 70, 409호 (무실동)",033-748-1640,0,강원특별자치도 원주시청,033-737-4022,2025-11-25
178,닥터유 부부치과의원,"강원특별자치도 원주시 오리현길 57, 5층 (반곡동)",033-735-1880,0,강원특별자치도 원주시청,033-737-4022,2025-11-25
179,우리가족한의원,강원특별자치도 원주시 단구로 404 (단구동),033-745-7579,0,강원특별자치도 원주시청,033-737-4022,2025-11-25
180,중앙메디칼 연합의원,강원특별자치도 원주시 평원로 33 (중앙동),033-735-5511,2,강원특별자치도 원주시청,033-737-4022,2025-11-25
181,키즈메디소아청소년과의원,강원특별자치도 원주시 능라동길 61 (무실동),033-742-0707,0,강원특별자치도 원주시청,033-737-4022,2025-11-25
182,최경훈 내과의원,강원특별자치도 원주시 원일로115번길 12 (일산동),033-742-7400,0,강원특별자치도 원주시청,033-737-4022,2025-11-25
183,원주유디치과의원,"강원특별자치도 원주시 서원대로 162, 3층 (단계동)",033-743-2838,0,강원특별자치도 원주시청,033-737-4022,2025-11-25
184,이스타치과의원,"강원특별자치도 원주시 백간길 74 (단계동, 라이프상가 201,202호)",033-735-1668,0,강원특별자치도 원주시청,033-737-4022,2025-11-25
185,사랑손한의원,"강원특별자치도 원주시 무실본동길 54, 1층 (무실동)",033-742-1075,0,강원특별자치도 원주시청,033-737-4022,2025-11-25
186,신중한의원,"강원특별자치도 원주시 문막읍 동화택지길 3-25, 1층",033-732-8275,0,강원특별자치도 원주시청,033-737-4022,2025-11-25
187,경희후한의원,"강원특별자치도 원주시 능라동길 31, 2~3층 (무실동)",033-766-5075,14,강원특별자치도 원주시청,033-737-4022,2025-11-25
188,킴스주니어치과의원,"강원특별자치도 원주시 무실로 169, 2,3층 (명륜동)",033-901-1234,0,강원특별자치도 원주시청,033-737-4022,2025-11-25
189,강원의료복지사회적협동조합밝음의원,"강원특별자치도 원주시 중앙로 85, 4층 (중앙동)",033-744-7571,0,강원특별자치도 원주시청,033-737-4022,2025-11-25
190,연세이비인후과의원,강원특별자치도 원주시 봉화로 12 (단계동),033-745-5075,0,강원특별자치도 원주시청,033-737-4022,2025-11-25
191,흥업성모의원,강원특별자치도 원주시 흥업면 남원로 76,033-765-2275,0,강원특별자치도 원주시청,033-737-4022,2025-11-25
192,신샘내과의원,"강원특별자치도 원주시 원일로115번길 12, 3층 (일산동, 서진빌딩)",033-735-9909,0,강원특별자치도 원주시청,033-737-4022,2025-11-25
193,우성애 여성의원,강원특별자치도 원주시 남원로 589 (명륜동),033-766-7889,4,강원특별자치도 원주시청,033-737-4022,2025-11-25
194,강남제이스타의원,"강원특별자치도 원주시 능라동길 51, 시네시티타워 501, 502호 (무실동)",033-733-7585,0,강원특별자치도 원주시청,033-737-4022,2025-11-25
195,예그린한의원,"강원특별자치도 원주시 서원대로 174, 2층 (단계동)",033-745-1075,0,강원특별자치도 원주시청,033-737-4022,2025-11-25
196,셀레스의원,"강원특별자치도 원주시 봉화로 16, 3층 (단계동)",033-748-9779,0,강원특별자치도 원주시청,033-737-4022,2025-11-25
197,28지킴이치과의원,강원특별자치도 원주시 봉화로 16 (단계동),033-747-2891,0,강원특별자치도 원주시청,033-737-4022,2025-11-25
198,고은의원,강원특별자치도 원주시 봉화로 29 (단계동),033-747-7457,0,강원특별자치도 원주시청,033-737-4022,2025-11-25
199,오렌지가정의원,강원특별자치도 원주시 봉화로 1 (단계동),033-742-7595,0,강원특별자치도 원주시청,033-737-4022,2025-11-25
200,고은미래의원,"강원특별자치도 원주시 시청로 98, 3층 (무실동)",033-747-7552,0,강원특별자치도 원주시청,033-737-4022,2025-11-25
201,광인당한의원,"강원특별자치도 원주시 남원로 623, 2층 (명륜동)",033-766-7500,0,강원특별자치도 원주시청,033-737-4022,2025-11-25
202,위즈팍서울정형외과의원,"강원특별자치도 원주시 봉화로 16, 2층 (단계동)",033-734-1275,0,강원특별자치도 원주시청,033-737-4022,2025-11-25
203,베스트치과의원,"강원특별자치도 원주시 단구로 398, 가온프라자 2층 201호 (단구동)",033-743-2879,0,강원특별자치도 원주시청,033-737-4022,2025-11-25
204,제민당한의원,"강원특별자치도 원주시 치악로 1594, 1층 (단구동)",033-765-2700,0,강원특별자치도 원주시청,033-737-4022,2025-11-25
205,플러스한의원,"강원특별자치도 원주시 남원로 643-1, 1층 (명륜동)",033-735-8282,0,강원특별자치도 원주시청,033-737-4022,2025-11-25
206,여민한의원,"강원특별자치도 원주시 행구로 69, 1층 (봉산동)",033-766-1075,0,강원특별자치도 원주시청,033-737-4022,2025-11-25
207,이사랑치과의원,"강원특별자치도 원주시 늘품로 187-58, 3층 312호 (단구동, 현대아카데미프라자)",033-734-2804,0,강원특별자치도 원주시청,033-737-4022,2025-11-25
208,세명치과의원,"강원특별자치도 원주시 행구로 67, 2층 (봉산동)",033-747-8228,0,강원특별자치도 원주시청,033-737-4022,2025-11-25
209,마리치과의원,"강원특별자치도 원주시 중평길 2, 2층 (중앙동)",033-742-8275,0,강원특별자치도 원주시청,033-737-4022,2025-11-25
210,서울에이스치과의원,"강원특별자치도 원주시 태장둔치길 55, 2층 (태장동)",033-746-2842,0,강원특별자치도 원주시청,033-737-4022,2025-11-25
211,스카이치과의원,"강원특별자치도 원주시 원일로 57, 4층 (원동, 마노벨라빌딩)",033-761-2842,0,강원특별자치도 원주시청,033-737-4022,2025-11-25
212,연세봄재활의학과의원,"강원특별자치도 원주시 무실로 113, 원동프라자 2층, 3층 (원동)",033-762-0330,21,강원특별자치도 원주시청,033-737-4022,2025-11-25
213,유로진비뇨기과의원,"강원특별자치도 원주시 서원대로 184, 새동빌딩  2층 (단계동)",033-734-7752,0,강원특별자치도 원주시청,033-737-4022,2025-11-25
214,화평당한의원,강원특별자치도 원주시 행구로 115 (봉산동),033-734-0550,0,강원특별자치도 원주시청,033-737-4022,2025-11-25
215,이현주한의원,강원특별자치도 원주시 귀래면 운계다둔길 113-7,033-765-7510,0,강원특별자치도 원주시청,033-737-4022,2025-11-25
216,원주샘치과의원,"강원특별자치도 원주시 치악로 1793, 3층 (개운동, 농협)",033-764-7878,0,강원특별자치도 원주시청,033-737-4022,2025-11-25
217,원주마디정형외과의원,"강원특별자치도 원주시 서원대로 502, 3층 (단구동, 골드프라자)",033-765-0810,28,강원특별자치도 원주시청,033-737-4022,2025-11-25
218,으뜸한의원,"강원특별자치도 원주시 중앙시장길 11, 2층 3-3호 (중앙동, 자유시장상가)",033-734-1211,0,강원특별자치도 원주시청,033-737-4022,2025-11-25
219,명륜한의원,"강원특별자치도 원주시 예술관길 25, 상가동 109,111,112,201호 (명륜동, 명륜2단지아파트)",033-765-1275,0,강원특별자치도 원주시청,033-737-4022,2025-11-25
220,프렌즈치과의원,강원특별자치도 원주시 북원로 2701 (가현동),033-745-2858,0,강원특별자치도 원주시청,033-737-4022,2025-11-25
221,Dr. 구의원,"강원특별자치도 원주시 서원대로 392, 3층 (단구동, 스타프라자)",033-766-2535,0,강원특별자치도 원주시청,033-737-4022,2025-11-25
222,임수빈내과의원,강원특별자치도 원주시 시청로 98 (무실동),033-743-2266,0,강원특별자치도 원주시청,033-737-4022,2025-11-25
223,유앤미한의원,"강원특별자치도 원주시 흥양로51번길 1, 2층 (태장동)",033-735-7597,0,강원특별자치도 원주시청,033-737-4022,2025-11-25
224,청담심스성형외과의원,"강원특별자치도 원주시 남원로534번길 6 (단구동, 이룸빌딩)",033-763-6688,0,강원특별자치도 원주시청,033-737-4022,2025-11-25
225,하얀이치과의원,강원특별자치도 원주시 능라동길 3 (무실동),033-747-2875,0,강원특별자치도 원주시청,033-737-4022,2025-11-25
226,선율당한의원,강원특별자치도 원주시 치악로 1507 (관설동),033-765-4859,0,강원특별자치도 원주시청,033-737-4022,2025-11-25
227,치악산한의원,강원특별자치도 원주시 소초면 서동로 46,033-732-5630,0,강원특별자치도 원주시청,033-737-4022,2025-11-25
228,생명수한의원,"강원특별자치도 원주시 원일로 135, 2층 (일산동)",033-746-1075,0,강원특별자치도 원주시청,033-737-4022,2025-11-25
229,문막애치과의원,"강원특별자치도 원주시 문막읍 왕건로 81, 동화빌딩 201호",033-746-2275,0,강원특별자치도 원주시청,033-737-4022,2025-11-25
230,엔치과의원,"강원특별자치도 원주시 남원로 669, 2층 (명륜동)",033-763-2866,0,강원특별자치도 원주시청,033-737-4022,2025-11-25
231,원주함소아한의원,"강원특별자치도 원주시 서원대로 396, 306,307호 (단구동)",033-764-5475,0,강원특별자치도 원주시청,033-737-4022,2025-11-25
232,백두한의원,"강원특별자치도 원주시 원일로 151, 2층 (일산동)",033-748-1020,0,강원특별자치도 원주시청,033-737-4022,2025-11-25
233,뉴코웰이비인후과의원,"강원특별자치도 원주시 단구로 351, 3층 (단구동)",033-765-9559,2,강원특별자치도 원주시청,033-737-4022,2025-11-25
234,부론한의원,강원특별자치도 원주시 부론면 법천시장길 55-2,033-733-9618,0,강원특별자치도 원주시청,033-737-4022,2025-11-25
235,율산부인과의원,"강원특별자치도 원주시 능라동길 61, 8층 (무실동, 정한타워)",033-765-0655,9,강원특별자치도 원주시청,033-737-4022,2025-11-25
236,고은아이치과의원,"강원특별자치도 원주시 서원대로 408, 203호 (단구동, 광장빌딩)",033-766-7528,0,강원특별자치도 원주시청,033-737-4022,2025-11-25
237,연세스카이치과의원,"강원특별자치도 원주시 단구로 395, 2층 (단구동)",033-761-2875,0,강원특별자치도 원주시청,033-737-4022,2025-11-25
238,천일한의원,"강원특별자치도 원주시 신림면 치악로 37, 1층",033-762-5177,0,강원특별자치도 원주시청,033-737-4022,2025-11-25
239,서울인성치과의원,"강원특별자치도 원주시 흥업면 남원로 57, 3, 4층",033-766-2879,0,강원특별자치도 원주시청,033-737-4022,2025-11-25
240,원주웰치과의원,"강원특별자치도 원주시 시청로 80, 3층 301호 (무실동, 쎈터프라자)",033-735-2275,0,강원특별자치도 원주시청,033-737-4022,2025-11-25
241,정운기한의원,"강원특별자치도 원주시 시청로 80, 쎈터프라자 302,304,305호 (무실동)",033-734-1020,0,강원특별자치도 원주시청,033-737-4022,2025-11-25
242,중앙의원,"강원특별자치도 원주시 평원로 63, 2,5층 (중앙동)",033-733-2277,5,강원특별자치도 원주시청,033-737-4022,2025-11-25
243,백록담한의원,강원특별자치도 원주시 개봉교길 9 (개운동),033-763-7555,0,강원특별자치도 원주시청,033-737-4022,2025-11-25
244,로스윌서울이싫어내려온치과의원,"강원특별자치도 원주시 서원대로 410 (단구동, 한솔프라자)",033-765-2851,0,강원특별자치도 원주시청,033-737-4022,2025-11-25
245,퀸스영상의학과의원,"강원특별자치도 원주시 무실로12번길 24, 3층 (일산동)",033-733-7575,2,강원특별자치도 원주시청,033-737-4022,2025-11-25
246,연세남부정형외과의원,"강원특별자치도 원주시 치악로 1788 (개운동, 동원주새마을금고)",033-761-9128,0,강원특별자치도 원주시청,033-737-4022,2025-11-25
247,다다함한방내과한의원,"강원특별자치도 원주시 시청로 36, 1층 (무실동)",033-766-7510,0,강원특별자치도 원주시청,033-737-4022,2025-11-25
248,하나한의원,"강원특별자치도 원주시 치악로 1965, 2층 (태장동)",033-735-7510,0,강원특별자치도 원주시청,033-737-4022,2025-11-25
249,아나파마취통증의학과의원,"강원특별자치도 원주시 봉화로 22, 302호 (단계동, 더파크타워)",033-744-3123,0,강원특별자치도 원주시청,033-737-4022,2025-11-25
250,신호드림치과의원,강원특별자치도 원주시 치악로 1965 (태장동),033-735-2836,0,강원특별자치도 원주시청,033-737-4022,2025-11-25
251,연세수비뇨기과의원,강원특별자치도 원주시 서원대로 163 (단계동),033-747-6932,0,강원특별자치도 원주시청,033-737-4022,2025-11-25
252,굿모닝치과의원,"강원특별자치도 원주시 입춘로 110, 3층 307호 (반곡동)",033-747-7527,0,강원특별자치도 원주시청,033-737-4022,2025-11-25
253,희망정형외과의원,"강원특별자치도 원주시 시청로 84, 4층 (무실동, 애드피아빌딩)",033-743-2575,0,강원특별자치도 원주시청,033-737-4022,2025-11-25
254,e-플란트미래치과의원,"강원특별자치도 원주시 서원대로 383, 4층 (개운동, 한신플라자)",033-764-7528,0,강원특별자치도 원주시청,033-737-4022,2025-11-25
255,연세탑이비인후과의원,"강원특별자치도 원주시 혁신로 55, 207호 (반곡동)",033-743-5075,2,강원특별자치도 원주시청,033-737-4022,2025-11-25
256,강훈소아청소년과의원,"강원특별자치도 원주시 입춘로 110 (반곡동, 파라다이스프라자 301,302호)",033-744-7579,0,강원특별자치도 원주시청,033-737-4022,2025-11-25
257,연세장상민재활의학과의원,"강원특별자치도 원주시 문막읍 문막시장1길 39, 2~3층",033-742-2473,0,강원특별자치도 원주시청,033-737-4022,2025-11-25
258,박동훈내과의원,"강원특별자치도 원주시 봉화로 22, 6층 (단계동, 더파크타워)",033-746-7588,0,강원특별자치도 원주시청,033-737-4022,2025-11-25
259,경희미려한의원,"강원특별자치도 원주시 서원대로 406, 4층 (단구동, 리더스타워)",033-744-8575,0,강원특별자치도 원주시청,033-737-4022,2025-11-25
260,문막한의원,강원특별자치도 원주시 문막읍 문막시장1길 9,033-735-8575,0,강원특별자치도 원주시청,033-737-4022,2025-11-25
261,편안한마취통증의학과의원,"강원특별자치도 원주시 남원로 671, 4층 (명륜동)",033-766-8275,0,강원특별자치도 원주시청,033-737-4022,2025-11-25
262,연세소울정신건강의학과의원,"강원특별자치도 원주시 능라동길 3 (무실동, 5층 501호)",033-762-9960,0,강원특별자치도 원주시청,033-737-4022,2025-11-25
263,안아픈세상의원,강원특별자치도 원주시 판부면 남원로 380-1,033-764-5577,0,강원특별자치도 원주시청,033-737-4022,2025-11-25
264,연세맑은내과의원,"강원특별자치도 원주시 남원로 528-31, 신세계프라자 303,304,305,306,307,308호 (단구동)",033-765-3200,0,강원특별자치도 원주시청,033-737-4022,2025-11-25
265,연세프라임치과의원,"강원특별자치도 원주시 서원대로 406, 4층 (단구동, 리더스타워)",033-765-7928,0,강원특별자치도 원주시청,033-737-4022,2025-11-25
266,원주밝은안과의원,"강원특별자치도 원주시 서원대로 406, 5층 (단구동, 리더스타워)",033-766-9000,0,강원특별자치도 원주시청,033-737-4022,2025-11-25
267,행복한의원,"강원특별자치도 원주시 예술관길 28-1, 1층 (명륜동)",033-765-3533,0,강원특별자치도 원주시청,033-737-4022,2025-11-25
268,아름다운산부인과의원,"강원특별자치도 원주시 봉화로 10, 2층 (단계동)",033-747-8855,0,강원특별자치도 원주시청,033-737-4022,2025-11-25
269,동아한의원,강원특별자치도 원주시 치악로 1592 (단구동),033-765-3663,0,강원특별자치도 원주시청,033-737-4022,2025-11-25
270,연세프라임안과의원,"강원특별자치도 원주시 원일로 89, 대림빌딩 2층 (일산동)",033-731-2753,0,강원특별자치도 원주시청,033-737-4022,2025-11-25
271,고운치과교정과치과의원,"강원특별자치도 원주시 서원대로 408, 501,502호 (단구동, 광장빌딩)",033-761-2804,0,강원특별자치도 원주시청,033-737-4022,2025-11-25
272,총통한의원,"강원특별자치도 원주시 능라동길 59, 5층 (무실동, 정한프라자)",033-765-2228,0,강원특별자치도 원주시청,033-737-4022,2025-11-25
273,연세아이편한치과의원,"강원특별자치도 원주시 능라동길 51, 617호 (무실동)",033-744-5275,0,강원특별자치도 원주시청,033-737-4022,2025-11-25
274,당유위한의원,"강원특별자치도 원주시 서원대로 392, 4층 (단구동, 스타프라자)",033-766-2295,0,강원특별자치도 원주시청,033-737-4022,2025-11-25
275,원주STM치과의원,"강원특별자치도 원주시 능라동길 63, 5층 502~503호 (무실동)",033-734-2872,0,강원특별자치도 원주시청,033-737-4022,2025-11-25
276,소나무한의원,"강원특별자치도 원주시 평원로 58, 2층 (평원동)",033-765-5775,0,강원특별자치도 원주시청,033-737-4022,2025-11-25
277,당청운한의원,"강원특별자치도 원주시 시청로 3, 207-208호 (무실동)",033-742-1042,0,강원특별자치도 원주시청,033-737-4022,2025-11-25
278,연세순풍산부인과의원,강원특별자치도 원주시 장미공원길 43-6 (단계동),033-745-0199,10,강원특별자치도 원주시청,033-737-4022,2025-11-25
279,판부면보건지소,강원특별자치도 원주시 치악로 1501 (관설동),033-737-4538,0,강원특별자치도 원주시청,033-737-4022,2025-11-25
280,샤인치과의원,강원특별자치도 원주시 봉화로 27 (단계동),033-744-7525,0,강원특별자치도 원주시청,033-737-4022,2025-11-25
281,은행나무치과의원,강원특별자치도 원주시 남원로 671 (명륜동),033-761-7754,0,강원특별자치도 원주시청,033-737-4022,2025-11-25
282,영광의원,강원특별자치도 원주시 우산초교길 22 (우산동),033-731-1212,0,강원특별자치도 원주시청,033-737-4022,2025-11-25
283,김정권내과의원,"강원특별자치도 원주시 중평길 12, 2층 (중앙동, 동남타워)",033-748-9798,0,강원특별자치도 원주시청,033-737-4022,2025-11-25
284,푸른솔의원,"강원특별자치도 원주시 천사로 50, 2층 (단계동)",033-747-8259,0,강원특별자치도 원주시청,033-737-4022,2025-11-25
285,원주가온한의원,"강원특별자치도 원주시 서원대로 380, 3층 (단구동, 동보노빌리티타워)",033-900-0121,0,강원특별자치도 원주시청,033-737-4022,2025-11-25
286,우리아이소아청소년과의원,"강원특별자치도 원주시 단구로 388, 2층 (단구동)",033-761-2755,0,강원특별자치도 원주시청,033-737-4022,2025-11-25
287,정웅교비뇨기과의원,강원특별자치도 원주시 원일로 106 (중앙동),033-735-6622,0,강원특별자치도 원주시청,033-737-4022,2025-11-25
288,우리들성형외과의원,"강원특별자치도 원주시 서원대로 184, 4층 (단계동)",033-731-9551,0,강원특별자치도 원주시청,033-737-4022,2025-11-25
289,아침한의원,"강원특별자치도 원주시 남원로 528, 1층 (단구동, kt링커스건물)",033-744-4034,0,강원특별자치도 원주시청,033-737-4022,2025-11-25
290,계수나무한의원,강원특별자치도 원주시 치악로 1482 (단구동),033-765-1075,0,강원특별자치도 원주시청,033-737-4022,2025-11-25
291,연세그린내과의원,"강원특별자치도 원주시 원문로 106, 3층 (단계동, 선암빌딩)",033-746-1723,0,강원특별자치도 원주시청,033-737-4022,2025-11-25
292,화이트e치과의원,"강원특별자치도 원주시 서원대로 502, 203,204호 (단구동, 골드프라자)",033-764-2804,0,강원특별자치도 원주시청,033-737-4022,2025-11-25
293,연세플러스비뇨의학과의원,"강원특별자치도 원주시 원일로115번길 12, 7층 (일산동)",033-744-6875,6,강원특별자치도 원주시청,033-737-4022,2025-11-25
294,누가이비인후과의원,"강원특별자치도 원주시 서원대로 396, 310호 (단구동, 스타월드프라자)",033-765-5075,4,강원특별자치도 원주시청,033-737-4022,2025-11-25
295,화성치과의원,강원특별자치도 원주시 치악로 1845 (인동),033-765-2875,0,강원특별자치도 원주시청,033-737-4022,2025-11-25
296,김희성한의원,"강원특별자치도 원주시 능라동길 3, 304호 (무실동)",033-747-1875,0,강원특별자치도 원주시청,033-737-4022,2025-11-25
297,어진한의원,강원특별자치도 원주시 시청로 555 (관설동),033-764-3999,0,강원특별자치도 원주시청,033-737-4022,2025-11-25
298,원주교도소부속의원,강원특별자치도 원주시 북원로 2155 (무실동),033-741-4875,29,강원특별자치도 원주시청,033-737-4022,2025-11-25
299,한양정태열의원,"강원특별자치도 원주시 태장둔치길 55, 3층 (태장동)",033-748-7582,0,강원특별자치도 원주시청,033-737-4022,2025-11-25
300,한빛치과의원,"강원특별자치도 원주시 서원대로 396, 3층 (단구동, 스타월드)",033-766-3875,0,강원특별자치도 원주시청,033-737-4022,2025-11-25
301,모아한의원,강원특별자치도 원주시 원일로 63 (원동),033-765-7533,0,강원특별자치도 원주시청,033-737-4022,2025-11-25
302,신희경산부인과의원,"강원특별자치도 원주시 서원대로 158, 2층 (단계동)",033-735-0755,0,강원특별자치도 원주시청,033-737-4022,2025-11-25
303,서울수치과의원,"강원특별자치도 원주시 혁신로 53, 5층 504호 (반곡동)",033-748-7528,0,강원특별자치도 원주시청,033-737-4022,2025-11-25
304,예스치과의원,강원특별자치도 원주시 원일로 93 (일산동),033-744-2725,0,강원특별자치도 원주시청,033-737-4022,2025-11-25
305,원주교도소부속치과의원,강원특별자치도 원주시 북원로 2155 (무실동),033-741-4875,0,강원특별자치도 원주시청,033-737-4022,2025-11-25
306,연세고운맘소아청소년과의원,"강원특별자치도 원주시 시청로 86, 203호 (무실동, 부영골든빌)",033-742-9515,0,강원특별자치도 원주시청,033-737-4022,2025-11-25
307,드림연세안과의원,"강원특별자치도 원주시 원일로 120, 2층 (중앙동)",033-742-0101,0,강원특별자치도 원주시청,033-737-4022,2025-11-25
308,경희 해맑은한의원,"강원특별자치도 원주시 시청로 98, 2층 (무실동)",033-744-1075,0,강원특별자치도 원주시청,033-737-4022,2025-11-25
309,흥업한의원,강원특별자치도 원주시 흥업면 남원로 67,033-762-6527,0,강원특별자치도 원주시청,033-737-4022,2025-11-25
310,인덕한의원,"강원특별자치도 원주시 남원로 589, 1층 (명륜동)",033-766-9966,0,강원특별자치도 원주시청,033-737-4022,2025-11-25
311,강남한의원,"강원특별자치도 원주시 남원로 441-2, 1층 (명륜동)",033-762-1275,0,강원특별자치도 원주시청,033-737-4022,2025-11-25
312,앨리스의원,"강원특별자치도 원주시 치악로 1786, 3층 (개운동, 양문 153빌딩)",033-762-2007,0,강원특별자치도 원주시청,033-737-4022,2025-11-25
313,제일의원,"강원특별자치도 원주시 중앙로 75, 1호 (중앙동)",033-746-3344,0,강원특별자치도 원주시청,033-737-4022,2025-11-25
314,정내과의원,"강원특별자치도 원주시 단구로 353, 3층 (단구동)",033-761-0822,0,강원특별자치도 원주시청,033-737-4022,2025-11-25
315,서울이내과의원,"강원특별자치도 원주시 서원대로 410, 401~403호 (단구동, 한솔프라자)",033-763-1300,0,강원특별자치도 원주시청,033-737-4022,2025-11-25
316,연우치과의원,"강원특별자치도 원주시 무실로12번길 24, 2층 (일산동)",033-748-2875,0,강원특별자치도 원주시청,033-737-4022,2025-11-25
317,미드림의원,"강원특별자치도 원주시 서원대로 165, 3층 (단계동, 대호빌딩)",033-746-4222,0,강원특별자치도 원주시청,033-737-4022,2025-11-25
318,권한의원,"강원특별자치도 원주시 치악로 1521, 2층 (관설동, 고려빌딩)",033-765-7657,0,강원특별자치도 원주시청,033-737-4022,2025-11-25
319,김영석이비인후과의원,강원특별자치도 원주시 원문로 116 (단계동),033-744-5075,0,강원특별자치도 원주시청,033-737-4022,2025-11-25
320,닥터스킨피부과의원,"강원특별자치도 원주시 서원대로 406, 3층 (단구동, 리더스타워)",033-744-7007,0,강원특별자치도 원주시청,033-737-4022,2025-11-25
321,원주연세의원,"강원특별자치도 원주시 흥업면 남원로 57, 2층",033-766-7881,0,강원특별자치도 원주시청,033-737-4022,2025-11-25
322,양상묵한의원,강원특별자치도 원주시 남원로 528-13 (단구동),033-766-3999,0,강원특별자치도 원주시청,033-737-4022,2025-11-25
323,우리안과의원,"강원특별자치도 원주시 시청로 31, 2~5층 601, 608~612호 (무실동)",033-746-0212,0,강원특별자치도 원주시청,033-737-4022,2025-11-25
324,지선당한의원,"강원특별자치도 원주시 능라동길 51, 517, 518호 (무실동)",033-748-1075,0,강원특별자치도 원주시청,033-737-4022,2025-11-25
325,예인한의원,강원특별자치도 원주시 단관길 129 (관설동),033-763-3555,0,강원특별자치도 원주시청,033-737-4022,2025-11-25
326,효성신경외과의원,강원특별자치도 원주시 서원대로 509 (단구동),033-761-7582,29,강원특별자치도 원주시청,033-737-4022,2025-11-25
327,이건내과의원,"강원특별자치도 원주시 시청로 84, 203호 (무실동, 애드피아상가)",033-747-8275,0,강원특별자치도 원주시청,033-737-4022,2025-11-25
328,도홍림이비인후과의원,"강원특별자치도 원주시 원일로115번길 12, 6층 (일산동)",033-734-7522,2,강원특별자치도 원주시청,033-737-4022,2025-11-25
329,천정학내과의원,"강원특별자치도 원주시 남원로 528-11, 3층 (단구동, 광덕빌딩)",033-766-7588,0,강원특별자치도 원주시청,033-737-4022,2025-11-25
330,이상봉비뇨기과의원,"강원특별자치도 원주시 남원로 671, 2층,5층 (명륜동)",033-761-3939,0,강원특별자치도 원주시청,033-737-4022,2025-11-25
331,연세준내과의원,강원특별자치도 원주시 서원대로 162 (단계동),033-733-7711,0,강원특별자치도 원주시청,033-737-4022,2025-11-25
332,엄재동정형외과의원,"강원특별자치도 원주시 남원로534번길 10, 3층 (단구동)",033-763-7077,0,강원특별자치도 원주시청,033-737-4022,2025-11-25
333,평강한의원,"강원특별자치도 원주시 원일로115번길 5, 2층 (일산동)",033-732-5551,0,강원특별자치도 원주시청,033-737-4022,2025-11-25
334,한빛이비인후과의원,강원특별자치도 원주시 시청로 36 (무실동),033-761-5002,2,강원특별자치도 원주시청,033-737-4022,2025-11-25
335,우리가정의원,"강원특별자치도 원주시 나비허리길 169, 2층 (관설동)",033-766-1177,0,강원특별자치도 원주시청,033-737-4022,2025-11-25
336,고려외과의원,강원특별자치도 원주시 원문로 107-8 (단계동),033-744-2727,29,강원특별자치도 원주시청,033-737-4022,2025-11-25
337,조남천항맥외과의원,강원특별자치도 원주시 서원대로 180 (단계동),033-745-5678,4,강원특별자치도 원주시청,033-737-4022,2025-11-25
338,늘푸른의원,"강원특별자치도 원주시 치악로 1648, 2층 (단구동)",033-765-7579,0,강원특별자치도 원주시청,033-737-4022,2025-11-25
339,참좋은치과의원,"강원특별자치도 원주시 천사로 38, 2층 (단계동, 선제빌딩)",033-746-2817,0,강원특별자치도 원주시청,033-737-4022,2025-11-25
340,동의보감한의원,강원특별자치도 원주시 원일로 82-3 (중앙동),033-731-1775,0,강원특별자치도 원주시청,033-737-4022,2025-11-25
341,이앤이치과의원,"강원특별자치도 원주시 남원로 528-11, 2층 (단구동, 광덕빌딩)",033-766-0428,0,강원특별자치도 원주시청,033-737-4022,2025-11-25
342,한빛소아청소년과의원,강원특별자치도 원주시 태장둔치길 41-1 (태장동),033-743-3388,0,강원특별자치도 원주시청,033-737-4022,2025-11-25
343,창문외과의원,"강원특별자치도 원주시 이화6길 1, 3층 (단계동)",033-743-4567,9,강원특별자치도 원주시청,033-737-4022,2025-11-25
344,바른길치과의원,강원특별자치도 원주시 북원로 2489 (우산동),033-743-2820,0,강원특별자치도 원주시청,033-737-4022,2025-11-25
345,본치과의원,"강원특별자치도 원주시 일산로 61, 4층 (원동)",033-744-7414,0,강원특별자치도 원주시청,033-737-4022,2025-11-25
346,토지한의원,"강원특별자치도 원주시 단구로 397, 1층 (단구동)",033-735-7515,0,강원특별자치도 원주시청,033-737-4022,2025-11-25
347,신림연세의원,"강원특별자치도 원주시 신림면 치악로 9, 2층",033-763-3600,0,강원특별자치도 원주시청,033-737-4022,2025-11-25
348,승산한의원,"강원특별자치도 원주시 예술관길 4, 2층 (명륜동)",033-766-0815,0,강원특별자치도 원주시청,033-737-4022,2025-11-25
349,태장고려의원,강원특별자치도 원주시 치악로 2031 (태장동),033-748-7570,0,강원특별자치도 원주시청,033-737-4022,2025-11-25
350,서상원한의원,"강원특별자치도 원주시 서원대로 408, 광장빌딩 202호 (단구동)",033-901-0233,0,강원특별자치도 원주시청,033-737-4022,2025-11-25
351,다정한의원,강원특별자치도 원주시 중앙로 40 (중앙동),033-735-7525,0,강원특별자치도 원주시청,033-737-4022,2025-11-25
352,연희영상의학과의원,"강원특별자치도 원주시 북원로 2235-6, 4층 (단계동, 남원주타워)",033-735-7570,0,강원특별자치도 원주시청,033-737-4022,2025-11-25
353,이용규내과의원,"강원특별자치도 원주시 무실로 178, 2층 (단계동, 원예농협하나로클럽)",033-731-7582,0,강원특별자치도 원주시청,033-737-4022,2025-11-25
354,연세안과의원,"강원특별자치도 원주시 원일로 119, 2층 (일산동)",033-731-0505,0,강원특별자치도 원주시청,033-737-4022,2025-11-25
355,조은가정의원,강원특별자치도 원주시 태장둔치길 41 (태장동),033-745-7734,0,강원특별자치도 원주시청,033-737-4022,2025-11-25
356,단계뿌리깊은치과의원,강원특별자치도 원주시 서원대로 165 (단계동),033-743-4025,0,강원특별자치도 원주시청,033-737-4022,2025-11-25
357,한초당한의원,강원특별자치도 원주시 평원로 61 (중앙동),033-732-2965,0,강원특별자치도 원주시청,033-737-4022,2025-11-25
358,김동우외과의원,강원특별자치도 원주시 문막읍 왕건로 81 (동화빌딩),033-734-0061,0,강원특별자치도 원주시청,033-737-4022,2025-11-25
359,윤장운마취통증의학과의원,"강원특별자치도 원주시 중앙로 86, 5층 (중앙동, 세븐스타빌딩)",033-747-0094,0,강원특별자치도 원주시청,033-737-4022,2025-11-25
360,최원규소아청소년과의원,강원특별자치도 원주시 원일로115번길 5 (일산동),033-734-9595,0,강원특별자치도 원주시청,033-737-4022,2025-11-25
361,우리들소아청소년과의원,강원특별자치도 원주시 감영길 11 (일산동),033-747-0202,0,강원특별자치도 원주시청,033-737-4022,2025-11-25
362,홍&권이비인후과의원,"강원특별자치도 원주시 중앙로 105, 2층,3층 (중앙동)",033-735-7707,5,강원특별자치도 원주시청,033-737-4022,2025-11-25
363,상지명인한의원,강원특별자치도 원주시 무실로 64 (일산동),033-731-1075,0,강원특별자치도 원주시청,033-737-4022,2025-11-25
364,맑은숲 한의원,"강원특별자치도 원주시 시청로 72, 205호 (무실동, 애드피아 3차)",033-743-8575,0,강원특별자치도 원주시청,033-737-4022,2025-11-25
365,스마일연세의원,"강원특별자치도 원주시 서원대로 502, 2층 (단구동, 골드프라자)",033-744-0411,0,강원특별자치도 원주시청,033-737-4022,2025-11-25
366,이형준내과의원,"강원특별자치도 원주시 원일로 120, 3층 302호 (중앙동, 중앙빌딩)",033-732-7575,0,강원특별자치도 원주시청,033-737-4022,2025-11-25
367,21세기소아청소년과의원,강원특별자치도 원주시 봉화로 27 (단계동),033-745-0815,0,강원특별자치도 원주시청,033-737-4022,2025-11-25
368,미즈산부인과의원,강원특별자치도 원주시 이화6길 1 (단계동),033-733-6100,5,강원특별자치도 원주시청,033-737-4022,2025-11-25
369,세진한의원,강원특별자치도 원주시 남원로 592 (명륜동),033-761-3116,0,강원특별자치도 원주시청,033-737-4022,2025-11-25
370,미래산부인과의원,강원특별자치도 원주시 단구로 183 (명륜동),033-766-8008,24,강원특별자치도 원주시청,033-737-4022,2025-11-25
371,고려한의원,강원특별자치도 원주시 남원로 656 (명륜동),033-766-8212,0,강원특별자치도 원주시청,033-737-4022,2025-11-25
372,최동익성형외과의원,"강원특별자치도 원주시 서원대로 396, 3층 301호 (단구동)",033-744-3737,0,강원특별자치도 원주시청,033-737-4022,2025-11-25
373,내몸사랑한의원,"강원특별자치도 원주시 로아노크로 74, 세이브타워 401호 (무실동)",033-731-9995,0,강원특별자치도 원주시청,033-737-4022,2025-11-25
374,만나한의원,"강원특별자치도 원주시 무실로 177, 2층 (명륜동)",033-763-1075,0,강원특별자치도 원주시청,033-737-4022,2025-11-25
375,동강한의원,강원특별자치도 원주시 한지공원길 2 (명륜동),033-766-8555,0,강원특별자치도 원주시청,033-737-4022,2025-11-25
376,하나치과의원,강원특별자치도 원주시 무실로 164 (단계동),033-745-2875,0,강원특별자치도 원주시청,033-737-4022,2025-11-25
377,리더스치과의원,강원특별자치도 원주시 봉화로 65 (단계동),033-742-2025,0,강원특별자치도 원주시청,033-737-4022,2025-11-25
378,광동한의원,강원특별자치도 원주시 치악로 1793 (개운동),033-766-3900,0,강원특별자치도 원주시청,033-737-4022,2025-11-25
379,은행나무한의원,강원특별자치도 원주시 문막읍 원문로 1883,033-743-8297,0,강원특별자치도 원주시청,033-737-4022,2025-11-25
380,만종의원,강원특별자치도 원주시 호저면 사제로 596 (원주운전면허시험장),033-747-8544,0,강원특별자치도 원주시청,033-737-4022,2025-11-25
381,원주영상의학과의원,"강원특별자치도 원주시 능라동길 61, 정한빌딩  607~608호 (무실동)",033-764-9700,4,강원특별자치도 원주시청,033-737-4022,2025-11-25
382,대흥한의원,강원특별자치도 원주시 원문로 186 (단계동),033-731-8275,0,강원특별자치도 원주시청,033-737-4022,2025-11-25
383,예사랑산부인과의원,"강원특별자치도 원주시 원일로 120, 6층 (중앙동, 중앙빌딩)",033-764-3333,0,강원특별자치도 원주시청,033-737-4022,2025-11-25
384,연세민내과의원,"강원특별자치도 원주시 중앙로 86, 4층 (중앙동, 세븐스타빌딩)",033-733-7582,7,강원특별자치도 원주시청,033-737-4022,2025-11-25
385,거북이한의원,강원특별자치도 원주시 소초면 장막1길 15,033-748-3322,0,강원특별자치도 원주시청,033-737-4022,2025-11-25
386,세한치과의원,"강원특별자치도 원주시 문막읍 문막시장1길 27, 3층",033-735-2875,0,강원특별자치도 원주시청,033-737-4022,2025-11-25
387,손안과의원,"강원특별자치도 원주시 서원대로 170, 재영빌딩 6층 (단계동)",033-764-6494,0,강원특별자치도 원주시청,033-737-4022,2025-11-25
388,이하우신경외과의원,강원특별자치도 원주시 치악로 1864 (봉산동),033-745-3686,29,강원특별자치도 원주시청,033-737-4022,2025-11-25
389,송내과의원,"강원특별자치도 원주시 원일로115번길 5, 4층 (일산동, 홍제빌딩)",033-746-2100,0,강원특별자치도 원주시청,033-737-4022,2025-11-25
390,연세봄산부인과의원,강원특별자치도 원주시 시청로 98 (무실동),033-745-5600,10,강원특별자치도 원주시청,033-737-4022,2025-11-25
391,손경수내과의원,"강원특별자치도 원주시 남원로 665, 1층일부,2,3,4층 (명륜동)",033-763-8252,4,강원특별자치도 원주시청,033-737-4022,2025-11-25
392,판대보건진료소,강원특별자치도 원주시 지정면 장지길 2,033-732-5731,0,강원특별자치도 원주시청,033-737-4022,2025-11-25
393,중국한의원,"강원특별자치도 원주시 치악로 1657-1, 1~2층 (단구동)",033-761-0982,0,강원특별자치도 원주시청,033-737-4022,2025-11-25
394,혜명한의원,강원특별자치도 원주시 원일로 12 (인동),033-764-0660,0,강원특별자치도 원주시청,033-737-4022,2025-11-25
395,서울내과의원,강원특별자치도 원주시 장미공원길 43-2 (단계동),033-732-1344,0,강원특별자치도 원주시청,033-737-4022,2025-11-25
396,연세피부과의원,"강원특별자치도 원주시 원일로 111, 2,3층 (일산동)",033-748-0480,0,강원특별자치도 원주시청,033-737-4022,2025-11-25
397,연세참외과의원,"강원특별자치도 원주시 서원대로 392, 3층 (단구동)",033-764-0048,0,강원특별자치도 원주시청,033-737-4022,2025-11-25
398,전치과의원,강원특별자치도 원주시 원일로 122-1 (중앙동),033-743-5752,0,강원특별자치도 원주시청,033-737-4022,2025-11-25
399,튼튼치과의원,"강원특별자치도 원주시 단구로 412, 2층 (단구동, 세경상가)",033-748-3443,0,강원특별자치도 원주시청,033-737-4022,2025-11-25
400,연규홍소아청소년과의원,"강원특별자치도 원주시 남원로534번길 26, 3층 (단구동, 중앙빌딩)",033-764-1808,0,강원특별자치도 원주시청,033-737-4022,2025-11-25
401,송광선내과의원,강원특별자치도 원주시 문막읍 문막시장1길 14,033-734-2020,0,강원특별자치도 원주시청,033-737-4022,2025-11-25
402,늘푸른치과의원,"강원특별자치도 원주시 흥양로51번길 1, 2층 (태장동, 원마트)",033-744-5363,0,강원특별자치도 원주시청,033-737-4022,2025-11-25
403,연세본비뇨기과의원,"강원특별자치도 원주시 시청로 84, 3층 301호 (무실동, 애드피아)",033-746-5667,0,강원특별자치도 원주시청,033-737-4022,2025-11-25
404,최해천성형외과의원,강원특별자치도 원주시 남원로 622 (개운동),033-765-7575,0,강원특별자치도 원주시청,033-737-4022,2025-11-25
405,혜민한의원,강원특별자치도 원주시 단구로 78 (단계동),033-731-7967,0,강원특별자치도 원주시청,033-737-4022,2025-11-25
406,이광훈내과의원,"강원특별자치도 원주시 평원로 76, 4,5층 (평원동)",033-746-5300,0,강원특별자치도 원주시청,033-737-4022,2025-11-25
407,원의원,강원특별자치도 원주시 우산로 42 (우산동),033-744-8275,0,강원특별자치도 원주시청,033-737-4022,2025-11-25
408,세브란스치과의원,강원특별자치도 원주시 원일로115번길 13 (일산동),033-748-2842,0,강원특별자치도 원주시청,033-737-4022,2025-11-25
409,명성한의원,강원특별자치도 원주시 원문로 106 (단계동),033-746-5201,0,강원특별자치도 원주시청,033-737-4022,2025-11-25
410,미소치과의원,"강원특별자치도 원주시 시청로 84, 3층 (무실동)",033-735-7538,0,강원특별자치도 원주시청,033-737-4022,2025-11-25
411,이신경정신과의원,"강원특별자치도 원주시 원일로 114, 2층 (중앙동)",033-744-1142,0,강원특별자치도 원주시청,033-737-4022,2025-11-25
412,이성우내과의원,강원특별자치도 원주시 평원로 54 (평원동),033-746-2888,0,강원특별자치도 원주시청,033-737-4022,2025-11-25
413,김대균의원,"강원특별자치도 원주시 단구로 404, 2층 (단구동)",033-735-9201,0,강원특별자치도 원주시청,033-737-4022,2025-11-25
414,탑치과의원,강원특별자치도 원주시 치악로 1786 (개운동),033-766-2875,0,강원특별자치도 원주시청,033-737-4022,2025-11-25
415,오복치과의원,강원특별자치도 원주시 무실로 122 (원동),033-748-3214,0,강원특별자치도 원주시청,033-737-4022,2025-11-25
416,함경종정형외과의원,강원특별자치도 원주시 평원로 52 (평원동),033-732-0700,29,강원특별자치도 원주시청,033-737-4022,2025-11-25
417,상아치과의원,"강원특별자치도 원주시 서원대로 402, 3층 (단구동, 대신프라자)",033-763-3477,0,강원특별자치도 원주시청,033-737-4022,2025-11-25
418,조안과의원,"강원특별자치도 원주시 원일로115번길 12, 2층 (일산동)",033-746-8005,1,강원특별자치도 원주시청,033-737-4022,2025-11-25
419,강남영내과의원,"강원특별자치도 원주시 행구로 39, 2층 (개운동)",033-763-6390,0,강원특별자치도 원주시청,033-737-4022,2025-11-25
420,부부치과의원,"강원특별자치도 원주시 중앙로 105, 5,6층 (중앙동)",033-745-1880,0,강원특별자치도 원주시청,033-737-4022,2025-11-25
421,연세남부내과의원,"강원특별자치도 원주시 남원로 667, 2층 (명륜동)",033-763-2398,0,강원특별자치도 원주시청,033-737-4022,2025-11-25
422,위치과의원,"강원특별자치도 원주시 원문로 106, 4층 (단계동, 선암빌딩)",033-748-4959,0,강원특별자치도 원주시청,033-737-4022,2025-11-25
423,안흥한의원,강원특별자치도 원주시 북원로 2684 (태장동),033-748-3895,0,강원특별자치도 원주시청,033-737-4022,2025-11-25
424,원일치과의원,"강원특별자치도 원주시 남원로534번길 14, 2층 (단구동)",033-764-2840,0,강원특별자치도 원주시청,033-737-4022,2025-11-25
425,민영의원,강원특별자치도 원주시 북원로 2695 (가현동),033-732-9798,0,강원특별자치도 원주시청,033-737-4022,2025-11-25
426,백태준성형외과의원,강원특별자치도 원주시 감영길 11 (일산동),033-735-7575,0,강원특별자치도 원주시청,033-737-4022,2025-11-25
427,최영권치과의원,"강원특별자치도 원주시 무실로 8, 3층 (일산동, 명동프라자)",033-746-6585,0,강원특별자치도 원주시청,033-737-4022,2025-11-25
428,고승연신경외과의원,강원특별자치도 원주시 남원로 548 (개운동),033-764-0625,29,강원특별자치도 원주시청,033-737-4022,2025-11-25
429,북원치과의원,강원특별자치도 원주시 북원로 2698-1 (태장동),033-748-2584,0,강원특별자치도 원주시청,033-737-4022,2025-11-25
430,하나로치과의원,"강원특별자치도 원주시 치악로 1527, 2층 (관설동, 판부하나로마트)",033-763-2872,0,강원특별자치도 원주시청,033-737-4022,2025-11-25
431,고려가정의원,"강원특별자치도 원주시 예술관길 25 (명륜동, 명륜2차아파트)",033-763-3552,0,강원특별자치도 원주시청,033-737-4022,2025-11-25
432,민제한의원,강원특별자치도 원주시 서원대로 402 (단구동),033-762-4414,0,강원특별자치도 원주시청,033-737-4022,2025-11-25
433,중의한의원,강원특별자치도 원주시 중앙로 70 (중앙동),033-742-2038,0,강원특별자치도 원주시청,033-737-4022,2025-11-25
434,황선달치과의원,강원특별자치도 원주시 원일로 114 (중앙동),033-731-2242,0,강원특별자치도 원주시청,033-737-4022,2025-11-25
435,학교법인상지학원부설상지푸른의원,"강원특별자치도 원주시 상지대길 80, 상지대학교부속상지한방병원 (우산동)",033-741-9235,0,강원특별자치도 원주시청,033-737-4022,2025-11-25
436,이진호이비인후과의원,강원특별자치도 원주시 원일로 93 (일산동),033-744-5015,0,강원특별자치도 원주시청,033-737-4022,2025-11-25
437,오은경소아청소년과의원,"강원특별자치도 원주시 영랑길 14-2, 청연재빌딩 5층 502호 (행구동)",033-765-2027,0,강원특별자치도 원주시청,033-737-4022,2025-11-25
438,김창동이비인후과의원,강원특별자치도 원주시 천사로 216 (중앙동),033-744-6864,0,강원특별자치도 원주시청,033-737-4022,2025-11-25
439,스마일치과의원,강원특별자치도 원주시 문막읍 문막시장1길 10,033-735-2860,0,강원특별자치도 원주시청,033-737-4022,2025-11-25
440,이영호치과의원,"강원특별자치도 원주시 원일로115번길 5, 3층 (일산동, 홍제빌딩)",033-744-9192,0,강원특별자치도 원주시청,033-737-4022,2025-11-25
441,강봉선신경정신과의원,"강원특별자치도 원주시 서원대로 383, 3층 401호 (개운동, 한신프라자)",033-744-3884,0,강원특별자치도 원주시청,033-737-4022,2025-11-25
442,오킴스의원,강원특별자치도 원주시 남원로 589-5 (명륜동),033-761-0072,18,강원특별자치도 원주시청,033-737-4022,2025-11-25
443,천진호치과의원,강원특별자치도 원주시 능라동길 65 (무실동),033-746-8604,0,강원특별자치도 원주시청,033-737-4022,2025-11-25
444,이재순내과의원,강원특별자치도 원주시 원일로115번길 1 (일산동),033-748-5200,0,강원특별자치도 원주시청,033-737-4022,2025-11-25
445,백피부과의원,강원특별자치도 원주시 원일로115번길 1 (일산동),033-748-1291,0,강원특별자치도 원주시청,033-737-4022,2025-11-25
446,중앙치과의원,강원특별자치도 원주시 원일로 104-1 (중앙동),033-743-6936,0,강원특별자치도 원주시청,033-737-4022,2025-11-25
447,중앙정형외과의원,강원특별자치도 원주시 학성철길 59 (학성동),033-743-5221,29,강원특별자치도 원주시청,033-737-4023,2025-11-25
448,박규래정형외과의원,강원특별자치도 원주시 무실로 26 (일산동),033-746-5538,27,강원특별자치도 원주시청,033-737-4024,2025-11-25
449,권혁준내과의원,강원특별자치도 원주시 서원대로 156 (단계동),033-746-2878,0,강원특별자치도 원주시청,033-737-4025,2025-11-25
450,고산보건진료소,강원특별자치도 원주시 호저면 광학로 16,033-732-3818,0,강원특별자치도 원주시청,033-737-4026,2025-11-25
451,산현보건진료소,강원특별자치도 원주시 호저면 칠봉로 380,033-737-4523,0,강원특별자치도 원주시청,033-737-4027,2025-11-25
452,김남두비뇨기과의원,강원특별자치도 원주시 원일로 114 (중앙동),033-742-0193,0,강원특별자치도 원주시청,033-737-4028,2025-11-25
453,홍성국신경정신과의원,강원특별자치도 원주시 원일로 150-1 (학성동),033-743-5356,0,강원특별자치도 원주시청,033-737-4029,2025-11-25
454,지정면보건지소,강원특별자치도 원주시 지정면 간현로 126,033-737-4534,0,강원특별자치도 원주시청,033-737-4030,2025-11-25
455,황둔보건진료소,강원특별자치도 원주시 신림면 신림황둔로 1213,033-761-2188,0,강원특별자치도 원주시청,033-737-4031,2025-11-25
456,단강보건진료소,강원특별자치도 원주시 부론면 부귀로 753,033-764-9043,0,강원특별자치도 원주시청,033-737-4032,2025-11-25
457,비두보건진료소,강원특별자치도 원주시 문막읍 귀문로 956,033-732-3507,0,강원특별자치도 원주시청,033-737-4033,2025-11-25
458,사제보건진료소,강원특별자치도 원주시 흥업면 사제로 424,033-763-5661,0,강원특별자치도 원주시청,033-737-4034,2025-11-25
459,학곡보건진료소,강원특별자치도 원주시 소초면 구룡사로 5,033-732-4290,0,강원특별자치도 원주시청,033-737-4035,2025-11-25
460,한국한센복지협회강원도지부부설복지의원,강원특별자치도 원주시 원일로 155 (일산동),033-742-8718,0,강원특별자치도 원주시청,033-737-4036,2025-11-25
461,경희한의원,강원특별자치도 원주시 향교길 56 (명륜동),033-765-5213,0,강원특별자치도 원주시청,033-737-4037,2025-11-25
462,김이비인후과의원,강원특별자치도 원주시 원일로 127 (일산동),033-743-6161,0,강원특별자치도 원주시청,033-737-4038,2025-11-25
463,서울외과의원,강원특별자치도 원주시 원일로 169 (학성동),033-742-1204,15,강원특별자치도 원주시청,033-737-4039,2025-11-25
464,흥업면보건지소,강원특별자치도 원주시 흥업면 울업1길 3,033-737-4537,0,강원특별자치도 원주시청,033-737-4040,2025-11-25
465,신림면보건지소,강원특별자치도 원주시 신림면 치악로 32,033-737-4539,0,강원특별자치도 원주시청,033-737-4041,2025-11-25
466,귀래면보건지소,강원특별자치도 원주시 귀래면 북원로 106,033-737-4536,0,강원특별자치도 원주시청,033-737-4042,2025-11-25
467,호저면보건지소,강원특별자치도 원주시 호저면 호저로 429,033-737-4533,0,강원특별자치도 원주시청,033-737-4043,2025-11-25
468,소초면보건지소,강원특별자치도 원주시 소초면 치악로 2790,033-737-4532,0,강원특별자치도 원주시청,033-737-4044,2025-11-25
469,부론면보건지소,강원특별자치도 원주시 부론면 법천시장길 59,033-737-4535,0,강원특별자치도 원주시청,033-737-4045,2025-11-25
470,문막읍보건지소,강원특별자치도 원주시 문막읍 건등로 11,033-737-4531,0,강원특별자치도 원주시청,033-737-4046,2025-11-25
471,원주시보건소,"강원특별자치도 원주시 원일로 139, 3층 (일산동, 건강문화센터)",033-737-4026,0,강원특별자치도 원주시청,033-737-4047,2025-11-25
